original_text,translated_text,text_hash,translation_config
YuuRi Channel @,[错误],2641a77d007d193007af68372963c7c9,GoogleTranslator|auto|zh-CN
"@ 【ASMR/6 時 間 】 BEDS ) X & 百度 一下 ， 你 就 知道
| 的 wegen ( *- ‘yon 干杯 ~-b X | 惟 DeepSeek | 深度 求索
| Y Tesseract 添 加 语言 包 指南 -De x | 十
[a
うさ う G
ss youtube.com/watch?v=f-ToxWTpVXE
& &
9 5
可 mn】
[所有 等
【ASMR]】 给 我 忍 住 9 PERE 3
O 要 被 大 姐姐 执 扼 地 捉弄 了 呢 …
YuuRi Channel @
10 RME + 直播 时 间 : 2 个 月 前
eC
三 ”加 Yunube
搜索
ug @& as
@kodai-o2z ® 7 个 月 前
hy 6 時 間 長 時 間 配信 お 疲れ 様 で し た ! 姉さん の 本 気 が 高まっ て き て 有吉 実行 で 本 当 に 凄い で す @ @ CHD SSMEAT—EMELTAUTUEET! WDSHOMES @
大 好き だ よ 几 姉さん が 最強 で 最高 に NO.1 だ よ
uo @ ws
【KU100 ! ASMR】
愛さ れ ド
ク さ れ ツ ヤン デレ RP ASMRC.…
Hasuki Ch. 蓮 希 る い @
9.1 万 次 观看 , 直播 时 间 : 4 个 月 前
Og @ 袖 マッ チョ マン © 7 个 月 前
長 時 間 の 耐久 配信 疲れ 様 で し た ! ちゃ ん と 完走 し きっ た の 本 当 に すご すぎ ます .…! 6 時 間 も ず っ と 頑張 り 続 けた の で 今日 は た くさ ん 休ん で くだ さい ね 。
今日 も 配信 し て くれ て あり が と う ご ざ いま し た 。
ら s @ @& as
Nancy (Film Diagonal Planet
Haven p.1)
Producciones Gran Torre
2 次 观看 ，13 分 钟 前
@ @koji-c2k © 7 个 月 前
最 新
最初 か ら 最後 まで 見 守れ て 良かっ た で す !
【ASMR/ 長 時 間 】 両 耳 か ら お ね 3
6 時 間 も 声 を 聞け て 幸せ で し た !
えさ ん た ち に いじ わる され ち .…
4 の し
回复
YuuRi Channel @
my OARUS . 直播 时 间 : 8 个 月 前
rs) @ ハ パウ カ ー ル 8
[ESRDASMR] OSERE
エニ
ンー
ASMR
BERIUSEWE..
ExMEREORMBODE...
4 @ @& as
桃 野 薔 薇 ASMR ch
| 44 万 次 观看 , 直播 时 间 : 2 年 前
登 @NAYA & 7 个 月 前
5 時 間 25 分 の 耐久 配信 、 本 当 に お 疲れ 様 で し た ! ! !
【ASMR】 你 比较 喜欢 哪 一 个 3
O 被 大 姐姐 们 从 两 耳 坏 坏 地 捉 …
YuuRi Channel @
61 ARIE + 直播 时 间 : 3 个 月 前
姉さん な ら 完走 で きる と 信じ て まし た ! それ で も や っ ぱり キツ か っ た で すね .…
4 時 間 あ た りか ら の 脳死 姉さん が 可愛 すぎ て 目 が 池 え わた っ て まし た 笑
ママ 責め ボイス が 長め だ っ た の は 姉さん の 気合 い を 感じ まし た が 、 数 時 間 後 に 自分 の 首 を 絞め る こと に な る と は 思っ て な か っ た ん だ ろう な っ て 考え る と また 笑っ て し まい .…
了 解 详情
【ASMR】 お ね えさ ん に いじ わ
o7 9
of
る され ちゃ う の た まん な い ツ .…
YuuRi Channel @
@Galopin-snt 7 个 月 前
S3A RWS + 直播 时 间 : 7 个 月 前
お 疲れ 様 で し た !","@ 【ASMR/6 時 間 】 BEDS ) X & 百度 一下 ， 你 就 知道
| 的 wegen ( *- ‘yon 干杯 ​​~-b X | 惟 DeepSeek | 深度 求索
| Y Tesseract 添 加 语言 包 指南 -De x | 十
[一个
美国UG
ss youtube.com/watch?v=f-ToxWTpVXE
&&
9 5
可 mn】
[所有 等
【ASMR]】 给 我 忍 住 9 PERE 3
O 要 被 大 姐姐 执 扼 地 捉弄 了 呢 …
YuuRi频道@
10 RME + 直播 时 间 : 2 个 月 前
电
三 ”加 Yunube
搜索
和 @& 作为
@kodai-o2z ® 7 个 月 前
hy 感谢你们6个小时的辛苦直播！姐姐的认真度增加了，有吉的执行力真是太棒了@@CHD SSMEAT—EMELTAUTUEET！ WDSHOME@
我非常爱你，凛姐姐是最强的，也是最棒的。
哦@ws
【KU100！ ASMR】
爱过
RP ASMRC....
莲宿 Ch.莲宿瑞@
9.1 万 次 观看 , 直播 时 间 : 4 个 月 前
Og @ Sleeve Macho Man © 7 个月前
长时间的耐力直播，我累坏了！能完成比赛真是太了不起了……！你连续辛苦工作了6个小时，希望你今天好好休息。
非常感谢您今天的广播。
ra s @ @& as
南希（电影《对角线星球》
避风港第1页）
伟大的塔制作公司
2 次 观看 ，13 分 钟 前
@ @koji-c2k © 7 个 月 前
最 新
我很高兴能够从头到尾守护你！
[ASMR/长时间] 双耳对着头 3
6个小时里我很高兴听到你的声音！
食物被篡改了...
4岁
回复
YuuRi频道@
my OARUS . 直播 时 间 : 8 个 月 前
rs) @ 下包冰壶 8
[ESRDASM​​R] 演员
埃尼
嗯嗯
ASMR
贝留斯韦..
埃米尔博德...
4 @ @& 作为
桃野蔷薇 ASMR ch
| 44 万 次 观看 , 直播 时 间 : 2 年 前
登 @NAYA & 7 个 月 前
非常感谢你们5小时25分钟的直播！
【ASMR】 你 比较 喜欢 哪 一 个 3
O 被 大 姐姐 们 从 两 耳 坏 坏 地 捉 …
[错误]
61 ARIE + 直播 时 间 : 3 个 月 前
我相信姐姐一定能跑完比赛！但还是很艰难...
4小时那个脑残妹妹可爱得我翻白眼，哈哈。
妈妈指责的声音很长，我能感觉到她的热情，但一想到几个小时后她会如何勒死我，我又忍不住笑了。 ……
了 解 详情
[ASMR] 婴儿食品
Ø7 9
的
很容易被抓到...
YuuRi频道@
@Galopin-snt 7 个 月 前
S3A RWS + 直播 时 间 : 7 个 月 前
谢谢你的辛勤工作！",8b291cc5e54a699f319e868a333b5a1b,GoogleTranslator|auto|zh-CN
@ 【ASMR/6 時 間 】 BEDS ) X & 百度 一下 ， 你 就 知道,@ 【ASMR/6 時 間 】 BEDS ) X & 百度 一下 ， 你 就 知道,ec257520b5bb07bd9a2e5aec84081a01,GoogleTranslator|auto|zh-CN
ss youtube.com/watch?v=f-ToxWTpVXE,ss youtube.com/watch?v=f-ToxWTpVXE,db46e77476c26fbb23a48c64fb6e0fcf,GoogleTranslator|auto|zh-CN
| Y Tesseract 添 加 语言 包 指南 -De x | 十,| Y Tesseract 添 加 语言 包 指南 -De x | 十,781dfff90c26bb287fca37e44e111594,GoogleTranslator|auto|zh-CN
[a,[一个,05f976e68c3731b80acec98edf173e7f,GoogleTranslator|auto|zh-CN
& &,&&,58a4d58eccfe1bc8113161365c59bdc7,GoogleTranslator|auto|zh-CN
[所有 等,[所有 等,8cdbe37ce6ad5fb1548d8028f76bc89e,GoogleTranslator|auto|zh-CN
うさ う G,美国UG,d69ebda2b84518dfccef46d4440464c0,GoogleTranslator|auto|zh-CN
O 要 被 大 姐姐 执 扼 地 捉弄 了 呢 …,O 要 被 大 姐姐 执 扼 地 捉弄 了 呢 …,a7a90f118805412581795c855fe73d7d,GoogleTranslator|auto|zh-CN
| 的 wegen ( *- ‘yon 干杯 ~-b X | 惟 DeepSeek | 深度 求索,| 的 wegen ( *- ‘yon 干杯 ​​~-b X | 惟 DeepSeek | 深度 求索,c0352d8ca8c5611e2e66e2266d5234d8,GoogleTranslator|auto|zh-CN
10 RME + 直播 时 间 : 2 个 月 前,10 RME + 直播 时 间 : 2 个 月 前,10da57ee82ed53056bfab535aee31251,GoogleTranslator|auto|zh-CN
9 5,9 5,342be42f47b4c603c33b63266728f215,GoogleTranslator|auto|zh-CN
可 mn】,可 mn】,01c5628e2a048ac3f979ba43ffe38501,GoogleTranslator|auto|zh-CN
搜索,搜索,e5f71fc31e7246dd6ccc5539570471b0,GoogleTranslator|auto|zh-CN
【ASMR]】 给 我 忍 住 9 PERE 3,【ASMR]】 给 我 忍 住 9 PERE 3,3af1b4ddf2accabcf69de7eab8d36011,GoogleTranslator|auto|zh-CN
YuuRi Channel @,YuuRi频道@,2641a77d007d193007af68372963c7c9,GoogleTranslator|auto|zh-CN
eC,电,0466dc667c3b135e90ac7cab8b325756,GoogleTranslator|auto|zh-CN
ug @& as,和 @& 作为,f4d6769cc11a4f7daf06adc92e7bfdf2,GoogleTranslator|auto|zh-CN
三 ”加 Yunube,三 ”加 Yunube,25de371b000df026ecf9dae0c1a18554,GoogleTranslator|auto|zh-CN
大 好き だ よ 几 姉さん が 最強 で 最高 に NO.1 だ よ,我非常爱你，凛姐姐是最强的，也是最棒的。,0fb758e46d41f47fd934951b18a42f0c,GoogleTranslator|auto|zh-CN
@kodai-o2z ® 7 个 月 前,@kodai-o2z ® 7 个 月 前,f3288817bd99eef5690122ec122732c0,GoogleTranslator|auto|zh-CN
【KU100 ! ASMR】,【KU100！ ASMR】,d618a89f09d539ea8bc6c74bfa654110,GoogleTranslator|auto|zh-CN
"9.1 万 次 观看 , 直播 时 间 : 4 个 月 前","9.1 万 次 观看 , 直播 时 间 : 4 个 月 前",b8ea9f7df58c8297071ca446fe8c1cee,GoogleTranslator|auto|zh-CN
hy 6 時 間 長 時 間 配信 お 疲れ 様 で し た ! 姉さん の 本 気 が 高まっ て き て 有吉 実行 で 本 当 に 凄い で す @ @ CHD SSMEAT—EMELTAUTUEET! WDSHOMES @,hy 感谢你们6个小时的辛苦直播！姐姐的认真度增加了，有吉的执行力真是太棒了@@CHD SSMEAT—EMELTAUTUEET！ WDSHOME@,1ad0871e3c11ebd6681d85d7ae6aeb25,GoogleTranslator|auto|zh-CN
ug @& as,和 @& 作为,f4d6769cc11a4f7daf06adc92e7bfdf2,GoogleTranslator|auto|zh-CN
愛さ れ ド,爱过,7f81850dc4114eb6f31852f749834984,GoogleTranslator|auto|zh-CN
ク さ れ ツ ヤン デレ RP ASMRC.…,RP ASMRC....,872a561f3a908aad63934c16c0989fa7,GoogleTranslator|auto|zh-CN
長 時 間 の 耐久 配信 疲れ 様 で し た ! ちゃ ん と 完走 し きっ た の 本 当 に すご すぎ ます .…! 6 時 間 も ず っ と 頑張 り 続 けた の で 今日 は た くさ ん 休ん で くだ さい ね 。,长时间的耐力直播，我累坏了！能完成比赛真是太了不起了……！你连续辛苦工作了6个小时，希望你今天好好休息。,7bcdbec60c9975eab11669f182ecb00f,GoogleTranslator|auto|zh-CN
Hasuki Ch. 蓮 希 る い @,莲宿 Ch.莲宿瑞@,15d2050aa080b1f66e1259e426884c52,GoogleTranslator|auto|zh-CN
今日 も 配信 し て くれ て あり が と う ご ざ いま し た 。,非常感谢您今天的广播。,29e71e140b52f4616f65e19866d594b9,GoogleTranslator|auto|zh-CN
Og @ 袖 マッ チョ マン © 7 个 月 前,Og @ Sleeve Macho Man © 7 个月前,6b3d60f0c6dbad77937ec19397b056e2,GoogleTranslator|auto|zh-CN
2 次 观看 ，13 分 钟 前,2 次 观看 ，13 分 钟 前,35b26278b93aa5483eafd9da10bd087c,GoogleTranslator|auto|zh-CN
最 新,最 新,d720676ff616b81926e5b74757c1be16,GoogleTranslator|auto|zh-CN
ら s @ @& as,ra s @ @& as,8f905aecab170e9f8d923348e381d6ed,GoogleTranslator|auto|zh-CN
Producciones Gran Torre,伟大的塔制作公司,2917b7d5895064799a3d4b389ffa2735,GoogleTranslator|auto|zh-CN
Nancy (Film Diagonal Planet,南希（电影《对角线星球》,be7d8a1654630fb1919426f0cb882c59,GoogleTranslator|auto|zh-CN
Haven p.1),避风港第1页）,73f0b7a5df1f0873a492b1dfe3e94254,GoogleTranslator|auto|zh-CN
@ @koji-c2k © 7 个 月 前,@ @koji-c2k © 7 个 月 前,4d7f75a82d6b82374b05f4d76006b573,GoogleTranslator|auto|zh-CN
【ASMR/ 長 時 間 】 両 耳 か ら お ね 3,[ASMR/长时间] 双耳对着头 3,87210bad67fb57cb2566ccf5ac0758d6,GoogleTranslator|auto|zh-CN
回复,回复,1edff073d48e05b9e79bb7516da23a6e,GoogleTranslator|auto|zh-CN
6 時 間 も 声 を 聞け て 幸せ で し た !,6个小时里我很高兴听到你的声音！,cfe2dbccadc6c834da7e3c9ffbf9310a,GoogleTranslator|auto|zh-CN
最初 か ら 最後 まで 見 守れ て 良かっ た で す !,我很高兴能够从头到尾守护你！,7069673f2e10b7443df03fecb6b96747,GoogleTranslator|auto|zh-CN
my OARUS . 直播 时 间 : 8 个 月 前,my OARUS . 直播 时 间 : 8 个 月 前,b8c2e5f66d181c026b900ba952b1db1c,GoogleTranslator|auto|zh-CN
えさ ん た ち に いじ わる され ち .…,食物被篡改了...,4bb91c603b31fb9347e71de17e8272e0,GoogleTranslator|auto|zh-CN
4 の し,4岁,91c99591b1535f69b8a6c38c24efb2f1,GoogleTranslator|auto|zh-CN
YuuRi Channel @,YuuRi频道@,2641a77d007d193007af68372963c7c9,GoogleTranslator|auto|zh-CN
rs) @ ハ パウ カ ー ル 8,rs) @ 下包冰壶 8,4cc787e8f0a6488b17789482a75c8d8b,GoogleTranslator|auto|zh-CN
[ESRDASMR] OSERE,[ESRDASM​​R] 演员,d3db7ea5891decc895db21a81a66da97,GoogleTranslator|auto|zh-CN
ンー,嗯嗯,fa41748cbe6f4da3e9de7515eb7c914e,GoogleTranslator|auto|zh-CN
BERIUSEWE..,贝留斯韦..,4dfdb5b84cd690c7ee4854bb1a234382,GoogleTranslator|auto|zh-CN
エニ,埃尼,8cbc675d73c9dd69e41995de52cc2365,GoogleTranslator|auto|zh-CN
"| 44 万 次 观看 , 直播 时 间 : 2 年 前","| 44 万 次 观看 , 直播 时 间 : 2 年 前",2f1d053029988c47ea900f15267b9b39,GoogleTranslator|auto|zh-CN
ASMR,ASMR,5f61baeb77f7a49f0b99989a1eec03bd,GoogleTranslator|auto|zh-CN
4 @ @& as,4 @ @& 作为,ce6cab51cf255e47a024e3049fc2ae54,GoogleTranslator|auto|zh-CN
O 被 大 姐姐 们 从 两 耳 坏 坏 地 捉 …,O 被 大 姐姐 们 从 两 耳 坏 坏 地 捉 …,d07c3e6e42b8f55b0da218fd3ff18ed8,GoogleTranslator|auto|zh-CN
【ASMR】 你 比较 喜欢 哪 一 个 3,【ASMR】 你 比较 喜欢 哪 一 个 3,39b43a3250e69f5a4a6563136a541c5a,GoogleTranslator|auto|zh-CN
61 ARIE + 直播 时 间 : 3 个 月 前,61 ARIE + 直播 时 间 : 3 个 月 前,1d8ce2c72118991141684541960a910e,GoogleTranslator|auto|zh-CN
ExMEREORMBODE...,埃米尔博德...,ef8c727f2f8ca90d1bf4bcc61184ae9d,GoogleTranslator|auto|zh-CN
5 時 間 25 分 の 耐久 配信 、 本 当 に お 疲れ 様 で し た ! ! !,非常感谢你们5小时25分钟的直播！,37e74d8c54c1ae2d3237e06389f4d3b9,GoogleTranslator|auto|zh-CN
桃 野 薔 薇 ASMR ch,桃野蔷薇 ASMR ch,591003720babac284425cd4043962e82,GoogleTranslator|auto|zh-CN
登 @NAYA & 7 个 月 前,登 @NAYA & 7 个 月 前,4ba3d411d2aec33e3b96153e57cebdce,GoogleTranslator|auto|zh-CN
了 解 详情,了 解 详情,ff4ead1f0a4909c190c3467a6e321294,GoogleTranslator|auto|zh-CN
YuuRi Channel @,YuuRi频道@,2641a77d007d193007af68372963c7c9,GoogleTranslator|auto|zh-CN
姉さん な ら 完走 で きる と 信じ て まし た ! それ で も や っ ぱり キツ か っ た で すね .…,我相信姐姐一定能跑完比赛！但还是很艰难...,5ec71d2ab5096642430c8f8c985576e0,GoogleTranslator|auto|zh-CN
4 時 間 あ た りか ら の 脳死 姉さん が 可愛 すぎ て 目 が 池 え わた っ て まし た 笑,4小时那个脑残妹妹可爱得我翻白眼，哈哈。,9f471a2571b02c0cbc5c4e320abcb240,GoogleTranslator|auto|zh-CN
ママ 責め ボイス が 長め だ っ た の は 姉さん の 気合 い を 感じ まし た が 、 数 時 間 後 に 自分 の 首 を 絞め る こと に な る と は 思っ て な か っ た ん だ ろう な っ て 考え る と また 笑っ て し まい .…,妈妈指责的声音很长，我能感觉到她的热情，但一想到几个小时后她会如何勒死我，我又忍不住笑了。 ……,bc67b771f315c8f37e8a636179ecaeb9,GoogleTranslator|auto|zh-CN
【ASMR】 お ね えさ ん に いじ わ,[ASMR] 婴儿食品,ed66d88c7c1983e3b1c0d41e9abf404f,GoogleTranslator|auto|zh-CN
o7 9,Ø7 9,36699e80d9544235e1cc5b64416acd3f,GoogleTranslator|auto|zh-CN
S3A RWS + 直播 时 间 : 7 个 月 前,S3A RWS + 直播 时 间 : 7 个 月 前,617c033f22b921011ffd4c5b6de1921f,GoogleTranslator|auto|zh-CN
YuuRi Channel @,YuuRi频道@,2641a77d007d193007af68372963c7c9,GoogleTranslator|auto|zh-CN
of,的,8bf8854bebe108183caeb845c7676ae4,GoogleTranslator|auto|zh-CN
る され ちゃ う の た まん な い ツ .…,很容易被抓到...,0551b80031e9768d3c44e1482b756878,GoogleTranslator|auto|zh-CN
@Galopin-snt 7 个 月 前,@Galopin-snt 7 个 月 前,f9a4cd060711565f1d7b28a7cb377dc7,GoogleTranslator|auto|zh-CN
お 疲れ 様 で し た !,谢谢你的辛勤工作！,01d5ac3fa11f958fe91086450d774f13,GoogleTranslator|auto|zh-CN
"@ 【ASMR/6 時 間 】 BEDS ) X & 百度 一下 ， 你 就 知道
| 的 wegen ( *- ‘yon 干杯 ~-b X | 惟 DeepSeek | 深度 求索
| Y Tesseract 添 加 语言 包 指南 -De x | 十
[a
うさ う G
ss youtube.com/watch?v=f-ToxWTpVXE
& &
9 5
可 mn】
[所有 等
【ASMR]】 给 我 忍 住 9 PERE 3
O 要 被 大 姐姐 执 扼 地 捉弄 了 呢 …
YuuRi Channel @
10 RME + 直播 时 间 : 2 个 月 前
eC
三 ”加 Yunube
搜索
ug @& as
@kodai-o2z ® 7 个 月 前
hy 6 時 間 長 時 間 配信 お 疲れ 様 で し た ! 姉さん の 本 気 が 高まっ て き て 有吉 実行 で 本 当 に 凄い で す @ @ CHD SSMEAT—EMELTAUTUEET! WDSHOMES @
大 好き だ よ 几 姉さん が 最強 で 最高 に NO.1 だ よ
ug @& as
【KU100 ! ASMR】
愛さ れ ド
ク さ れ ツ ヤン デレ RP ASMRC.…
Hasuki Ch. 蓮 希 る い @
9.1 万 次 观看 , 直播 时 间 : 4 个 月 前
Og @ 袖 マッ チョ マン © 7 个 月 前
長 時 間 の 耐久 配信 疲れ 様 で し た ! ちゃ ん と 完走 し きっ た の 本 当 に すご すぎ ます .…! 6 時 間 も ず っ と 頑張 り 続 けた の で 今日 は た くさ ん 休ん で くだ さい ね 。
今日 も 配信 し て くれ て あり が と う ご ざ いま し た 。
ら s @ @& as
Nancy (Film Diagonal Planet
Haven p.1)
Producciones Gran Torre
2 次 观看 ，13 分 钟 前
@ @koji-c2k © 7 个 月 前
最 新
最初 か ら 最後 まで 見 守れ て 良かっ た で す !
【ASMR/ 長 時 間 】 両 耳 か ら お ね 3
6 時 間 も 声 を 聞け て 幸せ で し た !
えさ ん た ち に いじ わる され ち .…
4 の し
回复
YuuRi Channel @
my OARUS . 直播 时 间 : 8 个 月 前
rs) @ ハ パウ カ ー ル 8
[ESRDASMR] OSERE
エニ
ンー
ASMR
BERIUSEWE..
ExMEREORMBODE...
4 @ @& as
桃 野 薔 薇 ASMR ch
| 44 万 次 观看 , 直播 时 间 : 2 年 前
登 @NAYA & 7 个 月 前
5 時 間 25 分 の 耐久 配信 、 本 当 に お 疲れ 様 で し た ! ! !
【ASMR】 你 比较 喜欢 哪 一 个 3
O 被 大 姐姐 们 从 两 耳 坏 坏 地 捉 …
YuuRi Channel @
61 ARIE + 直播 时 间 : 3 个 月 前
姉さん な ら 完走 で きる と 信じ て まし た ! それ で も や っ ぱり キツ か っ た で すね .…
4 時 間 あ た りか ら の 脳死 姉さん が 可愛 すぎ て 目 が 池 え わた っ て まし た 笑
ママ 責め ボイス が 長め だ っ た の は 姉さん の 気合 い を 感じ まし た が 、 数 時 間 後 に 自分 の 首 を 絞め る こと に な る と は 思っ て な か っ た ん だ ろう な っ て 考え る と また 笑っ て し まい .…
了 解 详情
【ASMR】 お ね えさ ん に いじ わ
o7 9
of
る され ちゃ う の た まん な い ツ .…
YuuRi Channel @
@Galopin-snt 7 个 月 前
S3A RWS + 直播 时 间 : 7 个 月 前
お 疲れ 様 で し た !","@ 【ASMR/6 時 間 】 BEDS ) X & 百度 一下 ， 你 就 知道
| 的 wegen ( *- ‘yon 干杯 ​​~-b X | 惟 DeepSeek | 深度 求索
| Y Tesseract 添 加 语言 包 指南 -De x | 十
[一个
美国UG
ss youtube.com/watch?v=f-ToxWTpVXE
&&
9 5
可 mn】
[所有 等
【ASMR]】 给 我 忍 住 9 PERE 3
O 要 被 大 姐姐 执 扼 地 捉弄 了 呢 …
YuuRi频道@
10 RME + 直播 时 间 : 2 个 月 前
电
三 ”加 Yunube
搜索
和 @& 作为
@kodai-o2z ® 7 个 月 前
hy 感谢你们6个小时的辛苦直播！姐姐的认真度增加了，有吉的执行力真是太棒了@@CHD SSMEAT—EMELTAUTUEET！ WDSHOME@
我非常爱你，凛姐姐是最强的，也是最棒的。
和 @& 作为
【KU100！ ASMR】
爱过
RP ASMRC....
莲宿 Ch.莲宿瑞@
9.1 万 次 观看 , 直播 时 间 : 4 个 月 前
Og @ Sleeve Macho Man © 7 个月前
长时间的耐力直播，我累坏了！能完成比赛真是太了不起了……！你连续辛苦工作了6个小时，希望你今天好好休息。
非常感谢您今天的广播。
ra s @ @& as
南希（电影《对角线星球》
避风港第1页）
伟大的塔制作公司
2 次 观看 ，13 分 钟 前
@ @koji-c2k © 7 个 月 前
最 新
我很高兴能够从头到尾守护你！
[ASMR/长时间] 双耳对着头 3
6个小时里我很高兴听到你的声音！
食物被篡改了...
4岁
回复
YuuRi频道@
my OARUS . 直播 时 间 : 8 个 月 前
rs) @ 下包冰壶 8
[ESRDASM​​R] 演员
埃尼
嗯嗯
ASMR
贝留斯韦..
埃米尔博德...
4 @ @& 作为
桃野蔷薇 ASMR ch
| 44 万 次 观看 , 直播 时 间 : 2 年 前
登 @NAYA & 7 个 月 前
非常感谢你们5小时25分钟的直播！
【ASMR】 你 比较 喜欢 哪 一 个 3
O 被 大 姐姐 们 从 两 耳 坏 坏 地 捉 …
YuuRi频道@
61 ARIE + 直播 时 间 : 3 个 月 前
我相信姐姐一定能跑完比赛！但还是很艰难...
4小时那个脑残妹妹可爱得我翻白眼，哈哈。
妈妈指责的声音很长，我能感觉到她的热情，但一想到几个小时后她会如何勒死我，我又忍不住笑了。 ……
了 解 详情
[ASMR] 婴儿食品
Ø7 9
的
很容易被抓到...
YuuRi频道@
@Galopin-snt 7 个 月 前
S3A RWS + 直播 时 间 : 7 个 月 前
谢谢你的辛勤工作！",957d88a045952655268fccedf197c840,GoogleTranslator|auto|zh-CN
@:,@：,223738490f0b849c0013d53688c34ff4,GoogleTranslator|auto|zh-CN
0D 所 有 书签,0D 所 有 书签,6167d32d87ba60d778859d7f0c76dc57,GoogleTranslator|auto|zh-CN
HF,高频,498ab1ea4aab0295389f6c51484cca6c,GoogleTranslator|auto|zh-CN
@ Gemini 3.5—Googlel X +,@双子座3.5—Googlel X+,79015b9b1139641761df7319c11f1c39,GoogleTranslator|auto|zh-CN
英语,英语,4145d4c179e1aafdb5a0295da9a82d42,GoogleTranslator|auto|zh-CN
中 文 (简体 ),中 文 (简体 ),e66b4a75128349de943c12e6c0414dc4,GoogleTranslator|auto|zh-CN
&S&rxr,&S&rxr,fdb064933e057e50a8bf81fa0ca04645,GoogleTranslator|auto|zh-CN
25 deepmind.google/models/gemini/,25 deepmind.google/models/gemini/,9964636688d1213597185fb9f0de00ec,GoogleTranslator|auto|zh-CN
Google Translate,谷歌翻译,52083338e44cecb061cd4f5be9c4c82a,GoogleTranslator|auto|zh-CN
oo,和,e47ca7a09cf6781e29634502345930a7,GoogleTranslator|auto|zh-CN
@ [ASMR/6 时 间 ] mE ④ X | 8 百度 一 下 你 就 知道 x | 的 meme ( - Jon) X | YY DeepSeek| EK x | GY TesseractiBsaige X | G genimi-Google ie x,@ [ASMR/6 时 间 ] mE ④ X | 8 百度 一 下 你 就 知道 x | 的 meme ( - Jon) X | YY DeepSeek| EK x | GY TesseractiBsaige X | G genimi-Google ie x,15271fbe80194fa0fde27516f459a276,GoogleTranslator|auto|zh-CN
Introducing our latest series of moaeis,隆重介绍我们最新的摩埃系列,cc44d275e430788d2291d4521029fb2e,GoogleTranslator|auto|zh-CN
combining frontier intelligence with action.,将前沿情报与行动相结合。,2ad518ac7081a480016d58f565820fb4,GoogleTranslator|auto|zh-CN
"Build more capable, intelligent agents.",建立更有能力、更聪明的特工。,06b1eb608564f59a4d69b271db8a834b,GoogleTranslator|auto|zh-CN
Hands-on,动手实践,8281be41812a185f8b492780db95e1bb,GoogleTranslator|auto|zh-CN
Capabilities,能力,82ec2cd6fda87713f588da75c3b1d0ed,GoogleTranslator|auto|zh-CN
Performance,表现,9446a98ad14416153cc4d45ab8b531bf,GoogleTranslator|auto|zh-CN
Showcase,展示柜,f4b67c735ca7ce8fe886be1e47071d72,GoogleTranslator|auto|zh-CN
Models,型号,25ac429f9072293d27a836ee2a148f47,GoogleTranslator|auto|zh-CN
Try,尝试,eead05a01ff69770e90ba2a541988cab,GoogleTranslator|auto|zh-CN
Ecosystem,生态系统,47e3170ffb3d6c316975632968933646,GoogleTranslator|auto|zh-CN
Safety,安全,6472ce41c26babff27b4c28028093d77,GoogleTranslator|auto|zh-CN
Models,型号,25ac429f9072293d27a836ee2a148f47,GoogleTranslator|auto|zh-CN
you need,你需要,7099a9984ffc9eb1e967b27c8a633e28,GoogleTranslator|auto|zh-CN
"Completing everyday tasks, or solving your most",完成日常任务，或解决您最关心的问题,d51a1ee9cdca8bd3f30f07fe07fcbdd1,GoogleTranslator|auto|zh-CN
challenging problems. Discover the right model for what,具有挑战性的问题。探索适合什么用途的正确型号,d2a626dd49359ba7767694552443d289,GoogleTranslator|auto|zh-CN
つ 4 エロ ニニ 上 | tte,绑 4 色情妮妮上衣 |特,89df1ee49fba21d6f7a0029d4e20c212,GoogleTranslator|auto|zh-CN
"@ Gemini 3.5—Googlel X +
&S&rxr
oo
HF
@:
0D 所 有 书签
@ [ASMR/6 时 间 ] mE ④ X | 8 百度 一 下 你 就 知道 x | 的 meme ( - Jon) X | YY DeepSeek| EK x | GY TesseractiBsaige X | G genimi-Google ie x
25 deepmind.google/models/gemini/
英语
中 文 (简体 )
Google Translate
Introducing our latest series of moaeis
combining frontier intelligence with action.
Build more capable, intelligent agents.
Models
Capabilities
Performance
Hands-on
Showcase
Safety
Ecosystem
Try
Models
Completing everyday tasks, or solving your most
challenging problems. Discover the right model for what
you need
つ 4 エロ ニニ 上 | tte","@双子座3.5—Googlel X+
&S&rxr
和
高频
@：
0D 所 有 书签
@ [ASMR/6 时 间 ] mE ④ X | 8 百度 一 下 你 就 知道 x | 的 meme ( - Jon) X | YY DeepSeek| EK x | GY TesseractiBsaige X | G genimi-Google ie x
25 deepmind.google/models/gemini/
英语
中 文 (简体 )
谷歌翻译
隆重介绍我们最新的摩埃系列
将前沿情报与行动相结合。
建立更有能力、更聪明的特工。
型号
能力
表现
动手实践
展示柜
安全
生态系统
尝试
型号
完成日常任务，或解决您最关心的问题
具有挑战性的问题。探索适合什么用途的正确型号
你需要
绑 4 色情妮妮上衣 |特",93f4700d74bbcfd3434b2dbe33d6c6fe,GoogleTranslator|auto|zh-CN
& 百度 一 下 ， 你 就 知道,& 百度 一 下 ， 你 就 知道,46c3d6037e955e6580ce31339553a101,GoogleTranslator|auto|zh-CN
25 deepmind.google/models/gemini/,25 deepmind.google/models/gemini/,9964636688d1213597185fb9f0de00ec,GoogleTranslator|auto|zh-CN
"x | 的 momen ( ""- )\oaoFi X | & DeepSeek | 深度 求索 x @ TesseractiffiiSSHige メ G genimi - Google 搜索 x © Gemini 3.5 一 G","x | 的 momen ( ""- )\oaoFi X | & DeepSeek | 深度 求索 x @ TesseractiffiiSSHige メ G genimi - Google 搜索 x © Gemini 3.5 一 G",a59f7a3fcc2b05facce8a3bfa4931bf3,GoogleTranslator|auto|zh-CN
Cc,抄送,e4c8f1de1c0855c7c2be33196d3c3537,GoogleTranslator|auto|zh-CN
@& [ASMR/6nS5) HE) x,@& [ASMR/6nS5) HE) x,28e27dfa7825405e28799ba6957d951c,GoogleTranslator|auto|zh-CN
マン,男人,8331cc8c7eb45a0f75339136a7e0bb02,GoogleTranslator|auto|zh-CN
combining frontier intelligence with action.,将前沿情报与行动相结合。,2ad518ac7081a480016d58f565820fb4,GoogleTranslator|auto|zh-CN
Introducing our latest series of models,介绍我们的最新系列型号,d9750d9a16b46d0e57bdc85cbcfd6334,GoogleTranslator|auto|zh-CN
"Build more capable, intelligent agents.",建立更有能力、更聪明的特工。,06b1eb608564f59a4d69b271db8a834b,GoogleTranslator|auto|zh-CN
Models,型号,25ac429f9072293d27a836ee2a148f47,GoogleTranslator|auto|zh-CN
Capabilities,能力,82ec2cd6fda87713f588da75c3b1d0ed,GoogleTranslator|auto|zh-CN
Performance,表现,9446a98ad14416153cc4d45ab8b531bf,GoogleTranslator|auto|zh-CN
Hands-on,动手实践,8281be41812a185f8b492780db95e1bb,GoogleTranslator|auto|zh-CN
Showcase,展示柜,f4b67c735ca7ce8fe886be1e47071d72,GoogleTranslator|auto|zh-CN
Ecosystem,生态系统,47e3170ffb3d6c316975632968933646,GoogleTranslator|auto|zh-CN
Safety,安全,6472ce41c26babff27b4c28028093d77,GoogleTranslator|auto|zh-CN
Try,尝试,eead05a01ff69770e90ba2a541988cab,GoogleTranslator|auto|zh-CN
you need,你需要,7099a9984ffc9eb1e967b27c8a633e28,GoogleTranslator|auto|zh-CN
Models,型号,25ac429f9072293d27a836ee2a148f47,GoogleTranslator|auto|zh-CN
"Completing everyday tasks, or solving your most",完成日常任务，或解决您最关心的问题,d51a1ee9cdca8bd3f30f07fe07fcbdd1,GoogleTranslator|auto|zh-CN
challenging problems. Discover the right model for what,具有挑战性的问题。探索适合什么用途的正确型号,d2a626dd49359ba7767694552443d289,GoogleTranslator|auto|zh-CN
94 rl.-k I te,94 rl.-k 在,18f4a5c5f51dd07a95514f56eeba1e66,GoogleTranslator|auto|zh-CN
"マン
@& [ASMR/6nS5) HE) x
& 百度 一 下 ， 你 就 知道
x | 的 momen ( ""- )\oaoFi X | & DeepSeek | 深度 求索 x @ TesseractiffiiSSHige メ G genimi - Google 搜索 x © Gemini 3.5 一 G
Cc
25 deepmind.google/models/gemini/
Introducing our latest series of models
combining frontier intelligence with action.
Build more capable, intelligent agents.
Models
Capabilities
Performance
Hands-on
Showcase
Safety
Ecosystem
Try
Models
Completing everyday tasks, or solving your most
challenging problems. Discover the right model for what
you need
94 rl.-k I te","男人
@& [ASMR/6nS5) HE) x
& 百度 一 下 ， 你 就 知道
x | 的 momen ( ""- )\oaoFi X | & DeepSeek | 深度 求索 x @ TesseractiffiiSSHige メ G genimi - Google 搜索 x © Gemini 3.5 一 G
抄送
25 deepmind.google/models/gemini/
介绍我们的最新系列型号
将前沿情报与行动相结合。
建立更有能力、更聪明的特工。
型号
能力
表现
动手实践
展示柜
安全
生态系统
尝试
型号
完成日常任务，或解决您最关心的问题
具有挑战性的问题。探索适合什么用途的正确型号
你需要
94 rl.-k 在",b3a0f98a1f2ff75baf4687339bd89a7a,GoogleTranslator|auto|zh-CN
& 百度 一 下 ， 你 就 知道,& 百度 一 下 ， 你 就 知道,46c3d6037e955e6580ce31339553a101,GoogleTranslator|auto|zh-CN
25 deepmind.google/models/gemini/,25 deepmind.google/models/gemini/,9964636688d1213597185fb9f0de00ec,GoogleTranslator|auto|zh-CN
"x | 的 momen ( ""- )\oaoFi X | & DeepSeek | 深度 求索 x @ TesseractiffiiSSHige メ G genimi - Google 搜索 x © Gemini 3.5 一 G","x | 的 momen ( ""- )\oaoFi X | & DeepSeek | 深度 求索 x @ TesseractiffiiSSHige メ G genimi - Google 搜索 x © Gemini 3.5 一 G",a59f7a3fcc2b05facce8a3bfa4931bf3,GoogleTranslator|auto|zh-CN
@& [ASMR/6nS5) HE) x,@& [ASMR/6nS5) HE) x,28e27dfa7825405e28799ba6957d951c,GoogleTranslator|auto|zh-CN
Cc,抄送,e4c8f1de1c0855c7c2be33196d3c3537,GoogleTranslator|auto|zh-CN
"Build more capable, intelligent agents.",建立更有能力、更聪明的特工。,06b1eb608564f59a4d69b271db8a834b,GoogleTranslator|auto|zh-CN
combining frontier intelligence with action.,将前沿情报与行动相结合。,2ad518ac7081a480016d58f565820fb4,GoogleTranslator|auto|zh-CN
Capabilities,能力,82ec2cd6fda87713f588da75c3b1d0ed,GoogleTranslator|auto|zh-CN
Models,型号,25ac429f9072293d27a836ee2a148f47,GoogleTranslator|auto|zh-CN
マン,男人,8331cc8c7eb45a0f75339136a7e0bb02,GoogleTranslator|auto|zh-CN
Introducing our latest series of models,介绍我们的最新系列型号,d9750d9a16b46d0e57bdc85cbcfd6334,GoogleTranslator|auto|zh-CN
Performance,表现,9446a98ad14416153cc4d45ab8b531bf,GoogleTranslator|auto|zh-CN
Safety,安全,6472ce41c26babff27b4c28028093d77,GoogleTranslator|auto|zh-CN
Showcase,展示柜,f4b67c735ca7ce8fe886be1e47071d72,GoogleTranslator|auto|zh-CN
Hands-on,动手实践,8281be41812a185f8b492780db95e1bb,GoogleTranslator|auto|zh-CN
Try,尝试,eead05a01ff69770e90ba2a541988cab,GoogleTranslator|auto|zh-CN
Ecosystem,生态系统,47e3170ffb3d6c316975632968933646,GoogleTranslator|auto|zh-CN
challenging problems. Discover the right model for what,具有挑战性的问题。探索适合什么用途的正确型号,d2a626dd49359ba7767694552443d289,GoogleTranslator|auto|zh-CN
"Completing everyday tasks, or solving your most",完成日常任务，或解决您最关心的问题,d51a1ee9cdca8bd3f30f07fe07fcbdd1,GoogleTranslator|auto|zh-CN
Models,型号,25ac429f9072293d27a836ee2a148f47,GoogleTranslator|auto|zh-CN
you need,你需要,7099a9984ffc9eb1e967b27c8a633e28,GoogleTranslator|auto|zh-CN
94 rl.-k I te,94 rl.-k 在,18f4a5c5f51dd07a95514f56eeba1e66,GoogleTranslator|auto|zh-CN
"マン
@& [ASMR/6nS5) HE) x
& 百度 一 下 ， 你 就 知道
x | 的 momen ( ""- )\oaoFi X | & DeepSeek | 深度 求索 x @ TesseractiffiiSSHige メ G genimi - Google 搜索 x © Gemini 3.5 一 G
Cc
25 deepmind.google/models/gemini/
Introducing our latest series of models
combining frontier intelligence with action.
Build more capable, intelligent agents.
Models
Capabilities
Performance
Hands-on
Showcase
Safety
Ecosystem
Try
Models
Completing everyday tasks, or solving your most
challenging problems. Discover the right model for what
you need
94 rl.-k I te","男人
@& [ASMR/6nS5) HE) x
& 百度 一 下 ， 你 就 知道
x | 的 momen ( ""- )\oaoFi X | & DeepSeek | 深度 求索 x @ TesseractiffiiSSHige メ G genimi - Google 搜索 x © Gemini 3.5 一 G
抄送
25 deepmind.google/models/gemini/
介绍我们的最新系列型号
将前沿情报与行动相结合。
建立更有能力、更聪明的特工。
型号
能力
表现
动手实践
展示柜
安全
生态系统
尝试
型号
完成日常任务，或解决您最关心的问题
具有挑战性的问题。探索适合什么用途的正确型号
你需要
94 rl.-k 在",b3a0f98a1f2ff75baf4687339bd89a7a,GoogleTranslator|auto|zh-CN
搜索,搜索,e5f71fc31e7246dd6ccc5539570471b0,GoogleTranslator|auto|zh-CN
@ 【ASMR/6 时 间 ] GE ® X & 百度 一 下 ， 你 就 知道,@ 【ASMR/6 时 间 ] GE ® X & 百度 一 下 ， 你 就 知道,b2c5a7523bb8e83d45fda1438d043251,GoogleTranslator|auto|zh-CN
うさ う G,美国UG,d69ebda2b84518dfccef46d4440464c0,GoogleTranslator|auto|zh-CN
ug @& as,和 @& 作为,f4d6769cc11a4f7daf06adc92e7bfdf2,GoogleTranslator|auto|zh-CN
ss youtube.com/watch?v=f-ToxWTpVXE,ss youtube.com/watch?v=f-ToxWTpVXE,db46e77476c26fbb23a48c64fb6e0fcf,GoogleTranslator|auto|zh-CN
Youube,尤贝,c5ff40c5feb511673e08c930b0d43aec,GoogleTranslator|auto|zh-CN
@kodai-o2z ® 7 个 月 前,@kodai-o2z ® 7 个 月 前,f3288817bd99eef5690122ec122732c0,GoogleTranslator|auto|zh-CN
| Q& DeepSeek | 深度 求索,| Q& DeepSeek | 深度 求索,3fb8302647dc444f53550b4fd0cc6966,GoogleTranslator|auto|zh-CN
hy 6 時 間 長 時 間 配信 お 疲れ 様 で し た ! 姉さん の 本 気 が 高まっ て き て 有吉 実行 で 本 当 に 凄い で す @ @ CHD SSMEAT—EMELTAUTUEET! WDSHOMES @,hy 感谢你们6个小时的辛苦直播！姐姐的认真度增加了，有吉的执行力真是太棒了@@CHD SSMEAT—EMELTAUTUEET！ WDSHOME@,1ad0871e3c11ebd6681d85d7ae6aeb25,GoogleTranslator|auto|zh-CN
| 的 meee (*- “oa Fi,| 的 meee (*-“哦 Fi,6cb5080708fc92120f99e229b697b4c7,GoogleTranslator|auto|zh-CN
大 好き だ よ UI 姉さん が 最強 で 最高 に NO 1 だ よ,我非常爱你UI，你是最强的第一。,1e7f0af2198bdea96df26d0d9e063c5a,GoogleTranslator|auto|zh-CN
| @& TesseractiNBSaige X | G genimi - Google 搜索,| @& TesseractiNBSaige X | G genimi - Google 搜索,87276997e46f1c18900ed01945c06dcc,GoogleTranslator|auto|zh-CN
Og @ 袖 マッ チョ マン © 7 个 月 前,Og @ Sleeve Macho Man © 7 个月前,6b3d60f0c6dbad77937ec19397b056e2,GoogleTranslator|auto|zh-CN
uo as,乌作为,8b2d947bac0c372c726551212adce7a4,GoogleTranslator|auto|zh-CN
長 時 間 の 耐久 配信 疲れ 様 で し た ! ちゃ ん と 完走 し きっ た の 本 当 に すご すぎ ます .…! 6 時 間 も ず っ と 頑張 り 続 けた の で 今日 は た くさ ん 休ん で くだ さい ね 。,长时间的耐力直播，我累坏了！能完成比赛真是太了不起了……！你连续辛苦工作了6个小时，希望你今天好好休息。,7bcdbec60c9975eab11669f182ecb00f,GoogleTranslator|auto|zh-CN
今日 も 配信 し て くれ て あり が と う ご ざ いま し た 。,非常感谢您今天的广播。,29e71e140b52f4616f65e19866d594b9,GoogleTranslator|auto|zh-CN
@ @koji-c2k @ 7 个 月 前,@ @koji-c2k @ 7 个 月 前,6c85e066cfb00d1af5b01a245d88520a,GoogleTranslator|auto|zh-CN
os Oo @& oe,哦哦@&你,c431160006283e92d2243d6d21a71dd1,GoogleTranslator|auto|zh-CN
最初 か ら 最後 まで 見 守れ て 良かっ た で す !,我很高兴能够从头到尾守护你！,7069673f2e10b7443df03fecb6b96747,GoogleTranslator|auto|zh-CN
6 時 間 も 声 を 聞け て 幸せ で し た !,6个小时里我很高兴听到你的声音！,cfe2dbccadc6c834da7e3c9ffbf9310a,GoogleTranslator|auto|zh-CN
oo @& as,哦@&作为,8c36723fed21593941d3ca92a0fb7574,GoogleTranslator|auto|zh-CN
登 @NAYA & 7 个 月 前,登 @NAYA & 7 个 月 前,4ba3d411d2aec33e3b96153e57cebdce,GoogleTranslator|auto|zh-CN
oo @& as,哦@&作为,8c36723fed21593941d3ca92a0fb7574,GoogleTranslator|auto|zh-CN
rs) @⑯ ハ ウ カ ー ル 7 條 月 前,rs) @⑯ 7 个月前,f3f112e4dff61a21791e98b314f14bb1,GoogleTranslator|auto|zh-CN
姉さん な ら 完走 で きる と 信じ て まし た ! それ で も や っ ぱり キツ か っ た で すね .…,我相信姐姐一定能跑完比赛！但还是很艰难...,5ec71d2ab5096642430c8f8c985576e0,GoogleTranslator|auto|zh-CN
了 解 详情,了 解 详情,ff4ead1f0a4909c190c3467a6e321294,GoogleTranslator|auto|zh-CN
5 時 間 25 分 の 耐久 配信 、 本 当 に お 疲れ 様 で し た ! ! !,非常感谢你们5小时25分钟的直播！,37e74d8c54c1ae2d3237e06389f4d3b9,GoogleTranslator|auto|zh-CN
有 計 実行 は 凄い よ -,计划的执行是惊人的——,a73850b0d6b174bde6e35000286fdd0e,GoogleTranslator|auto|zh-CN
4 時 間 あ た りか ら の 脳死 姉さん が 可愛 すぎ て 目 が 池 え わた っ て まし た 笑,4小时那个脑残妹妹可爱得我翻白眼，哈哈。,9f471a2571b02c0cbc5c4e320abcb240,GoogleTranslator|auto|zh-CN
ママ 責め ボイス が 長め だ っ た の は 姉さん の 気合 い を 感じ まし た が 、 数 時 間 後 に 自分 の 首 を 絞め る こと に な る と は 思っ て な か っ た ん だ ろう な っ て 考え る と また 笑っ て し まい .…,妈妈指责的声音很长，我能感觉到她的热情，但一想到几个小时后她会如何勒死我，我又忍不住笑了。 ……,bc67b771f315c8f37e8a636179ecaeb9,GoogleTranslator|auto|zh-CN
@Galopin-snt 7 个 月 前,@Galopin-snt 7 个 月 前,f9a4cd060711565f1d7b28a7cb377dc7,GoogleTranslator|auto|zh-CN
お 疲れ 様 で し た !,谢谢你的辛勤工作！,01d5ac3fa11f958fe91086450d774f13,GoogleTranslator|auto|zh-CN
所 有事 穫,所 有事 穫,7ecb06ef3a58cd7f0be38ad27bec9b25,GoogleTranslator|auto|zh-CN
479 @& as,第479章,8ec494fc4e7ddcd754c104534fdc0ea1,GoogleTranslator|auto|zh-CN
| © Gemini35 一 Google「 x | +,| © Gemini35 - 谷歌“ x | +,0fbfea682636ced497ae2ac4395cde44,GoogleTranslator|auto|zh-CN
O 要 被 大 姐姐 执 扼 地 捉弄 了 呢 …,O 要 被 大 姐姐 执 扼 地 捉弄 了 呢 …,a7a90f118805412581795c855fe73d7d,GoogleTranslator|auto|zh-CN
10 RME + 直播 时 间 : 2 个 月 前,10 RME + 直播 时 间 : 2 个 月 前,10da57ee82ed53056bfab535aee31251,GoogleTranslator|auto|zh-CN
Stir,搅拌,2ee758547272ef8f39db870d61e9c7b8,GoogleTranslator|auto|zh-CN
@ ロロ,@洛洛,feafee2586229047c89337b6b78e35df,GoogleTranslator|auto|zh-CN
YuuRi Channel @,YuuRi频道@,2641a77d007d193007af68372963c7c9,GoogleTranslator|auto|zh-CN
= mn】,= 百万】,897eb2f4b50b506fbc112bb1082e19c3,GoogleTranslator|auto|zh-CN
WARM > 直播 时 间 : 4 个 月 前,WARM > 直播 时 间 : 4 个 月 前,8e1e199e9f519a20113481f3b22a9040,GoogleTranslator|auto|zh-CN
【ASMR]】 给 我 忍 住 9 RAE,【ASMR]】 给 我 忍 住 9 RAE,b11be4770bdd2cc35d47b83ef71d519c,GoogleTranslator|auto|zh-CN
【KU100 ! ASMR】,【KU100！ ASMR】,d618a89f09d539ea8bc6c74bfa654110,GoogleTranslator|auto|zh-CN
愛さ れ ド,爱过,7f81850dc4114eb6f31852f749834984,GoogleTranslator|auto|zh-CN
2 次 观看 ，13 分 钟 前,2 次 观看 ，13 分 钟 前,35b26278b93aa5483eafd9da10bd087c,GoogleTranslator|auto|zh-CN
最 新,最 新,d720676ff616b81926e5b74757c1be16,GoogleTranslator|auto|zh-CN
Hasuki Ch. 蓮 希 る い @,莲宿 Ch.莲宿瑞@,15d2050aa080b1f66e1259e426884c52,GoogleTranslator|auto|zh-CN
Nancy (Film Diagonal Planet,南希（电影《对角线星球》,be7d8a1654630fb1919426f0cb882c59,GoogleTranslator|auto|zh-CN
Producciones Gran Torre,伟大的塔制作公司,2917b7d5895064799a3d4b389ffa2735,GoogleTranslator|auto|zh-CN
えさ ん た ち に いじ わる され ち .…,食物被篡改了...,4bb91c603b31fb9347e71de17e8272e0,GoogleTranslator|auto|zh-CN
20 万 次 观看 直播 时 间 : 8 个 月 前,20 万 次 观看 直播 时 间 : 8 个 月 前,64a951a7279336f7c7c53b546bcf1a12,GoogleTranslator|auto|zh-CN
YuuRi Channel @,YuuRi频道@,2641a77d007d193007af68372963c7c9,GoogleTranslator|auto|zh-CN
ク さ れ ウ ヤン デレ RP ASMR.…,RP ASMR....,c368b0a99fd00df82eac21ae50d42d53,GoogleTranslator|auto|zh-CN
mp,议员,1f2dfa567dcf95833eddf7aec167fec7,GoogleTranslator|auto|zh-CN
44 万 次 观看 直播 时 间 : 2 年 前,44 万 次 观看 直播 时 间 : 2 年 前,90cdd55fc3a3772e9c31c2bb24da3167,GoogleTranslator|auto|zh-CN
Haven p.1),避风港第1页）,73f0b7a5df1f0873a492b1dfe3e94254,GoogleTranslator|auto|zh-CN
【ASMR]】 你 比较 喜欢 哪 一 个 ?,【ASMR]】 你 比较 喜欢 哪 一 个 ?,fb47f0ecebb76c3ee658488e153cf46f,GoogleTranslator|auto|zh-CN
(HatASMR) OZBERR,(HatASMR) 奥兹贝尔,64ca56b64af17963cc79e506c390e587,GoogleTranslator|auto|zh-CN
61 ARIE + 直播 时 间 : 3 个 月 前,61 ARIE + 直播 时 间 : 3 个 月 前,1d8ce2c72118991141684541960a910e,GoogleTranslator|auto|zh-CN
【ASMR/ 長 時 間 】 両 古 か ら お ね,[ASMR/久远] 古今皆有之一,746f098b62884df111662a54990508cb,GoogleTranslator|auto|zh-CN
YuuRi Channel @,YuuRi频道@,2641a77d007d193007af68372963c7c9,GoogleTranslator|auto|zh-CN
【ASMR】 お ね えさ ん に いじ わ,[ASMR] 婴儿食品,ed66d88c7c1983e3b1c0d41e9abf404f,GoogleTranslator|auto|zh-CN
へ 被 大 姐姐 们 从 两 耳 坏 坏 地 捉 .,へ 被 大 姐姐 们 从 两 耳 坏 坏 地 捉 .,8c7f5ce327b3c8a8070e21ba8e3bb408,GoogleTranslator|auto|zh-CN
@ 【ASMR/6 时 间 ] GE ® X & 百度 一 下 ， 你 就 知道,@ 【ASMR/6 时 间 ] GE ® X & 百度 一 下 ， 你 就 知道,b2c5a7523bb8e83d45fda1438d043251,GoogleTranslator|auto|zh-CN
搜索,搜索,e5f71fc31e7246dd6ccc5539570471b0,GoogleTranslator|auto|zh-CN
Youube,尤贝,c5ff40c5feb511673e08c930b0d43aec,GoogleTranslator|auto|zh-CN
ug @& as,和 @& 作为,f4d6769cc11a4f7daf06adc92e7bfdf2,GoogleTranslator|auto|zh-CN
| 的 meee (*- “oa Fi,| 的 meee (*-“哦 Fi,6cb5080708fc92120f99e229b697b4c7,GoogleTranslator|auto|zh-CN
ss youtube.com/watch?v=f-ToxWTpVXE,ss youtube.com/watch?v=f-ToxWTpVXE,db46e77476c26fbb23a48c64fb6e0fcf,GoogleTranslator|auto|zh-CN
@kodai-o2z ® 7 个 月 前,@kodai-o2z ® 7 个 月 前,f3288817bd99eef5690122ec122732c0,GoogleTranslator|auto|zh-CN
| Q& DeepSeek | 深度 求索,| Q& DeepSeek | 深度 求索,3fb8302647dc444f53550b4fd0cc6966,GoogleTranslator|auto|zh-CN
uo as,乌作为,8b2d947bac0c372c726551212adce7a4,GoogleTranslator|auto|zh-CN
大 好き だ よ UI 姉さん が 最強 で 最高 に NO 1 だ よ,我非常爱你UI，你是最强的第一。,1e7f0af2198bdea96df26d0d9e063c5a,GoogleTranslator|auto|zh-CN
hy 6 時 間 長 時 間 配信 お 疲れ 様 で し た ! 姉さん の 本 気 が 高まっ て き て 有吉 実行 で 本 当 に 凄い で す @ @ CHD SSMEAT—EMELTAUTUEET! WDSHOMES @,hy 感谢你们6个小时的辛苦直播！姐姐的认真度增加了，有吉的执行力真是太棒了@@CHD SSMEAT—EMELTAUTUEET！ WDSHOME@,1ad0871e3c11ebd6681d85d7ae6aeb25,GoogleTranslator|auto|zh-CN
| @& TesseractiNBSaige X | G genimi - Google 搜索,| @& TesseractiNBSaige X | G genimi - Google 搜索,87276997e46f1c18900ed01945c06dcc,GoogleTranslator|auto|zh-CN
長 時 間 の 耐久 配信 疲れ 様 で し た ! ちゃ ん と 完走 し きっ た の 本 当 に すご すぎ ます .…! 6 時 間 も ず っ と 頑張 り 続 けた の で 今日 は た くさ ん 休ん で くだ さい ね 。,长时间的耐力直播，我累坏了！能完成比赛真是太了不起了……！你连续辛苦工作了6个小时，希望你今天好好休息。,7bcdbec60c9975eab11669f182ecb00f,GoogleTranslator|auto|zh-CN
Og @ 袖 マッ チョ マン © 7 个 月 前,Og @ Sleeve Macho Man © 7 个月前,6b3d60f0c6dbad77937ec19397b056e2,GoogleTranslator|auto|zh-CN
今日 も 配信 し て くれ て あり が と う ご ざ いま し た 。,非常感谢您今天的广播。,29e71e140b52f4616f65e19866d594b9,GoogleTranslator|auto|zh-CN
os Oo @& oe,哦哦@&你,c431160006283e92d2243d6d21a71dd1,GoogleTranslator|auto|zh-CN
@ @koji-c2k @ 7 个 月 前,@ @koji-c2k @ 7 个 月 前,6c85e066cfb00d1af5b01a245d88520a,GoogleTranslator|auto|zh-CN
6 時 間 も 声 を 聞け て 幸せ で し た !,6个小时里我很高兴听到你的声音！,cfe2dbccadc6c834da7e3c9ffbf9310a,GoogleTranslator|auto|zh-CN
rs) @⑯ ハ ウ カ ー ル 7 條 月 前,rs) @⑯ 7 个月前,f3f112e4dff61a21791e98b314f14bb1,GoogleTranslator|auto|zh-CN
oo @& as,哦@&作为,8c36723fed21593941d3ca92a0fb7574,GoogleTranslator|auto|zh-CN
うさ う G,[错误],d69ebda2b84518dfccef46d4440464c0,GoogleTranslator|auto|zh-CN
最初 か ら 最後 まで 見 守れ て 良かっ た で す !,我很高兴能够从头到尾守护你！,7069673f2e10b7443df03fecb6b96747,GoogleTranslator|auto|zh-CN
登 @NAYA & 7 个 月 前,登 @NAYA & 7 个 月 前,4ba3d411d2aec33e3b96153e57cebdce,GoogleTranslator|auto|zh-CN
姉さん な ら 完走 で きる と 信じ て まし た ! それ で も や っ ぱり キツ か っ た で すね .…,我相信姐姐一定能跑完比赛！但还是很艰难...,5ec71d2ab5096642430c8f8c985576e0,GoogleTranslator|auto|zh-CN
了 解 详情,了 解 详情,ff4ead1f0a4909c190c3467a6e321294,GoogleTranslator|auto|zh-CN
4 時 間 あ た りか ら の 脳死 姉さん が 可愛 すぎ て 目 が 池 え わた っ て まし た 笑,4小时那个脑残妹妹可爱得我翻白眼，哈哈。,9f471a2571b02c0cbc5c4e320abcb240,GoogleTranslator|auto|zh-CN
ママ 責め ボイス が 長め だ っ た の は 姉さん の 気合 い を 感じ まし た が 、 数 時 間 後 に 自分 の 首 を 絞め る こと に な る と は 思っ て な か っ た ん だ ろう な っ て 考え る と また 笑っ て し まい .…,妈妈指责的声音很长，我能感觉到她的热情，但一想到几个小时后她会如何勒死我，我又忍不住笑了。 ……,bc67b771f315c8f37e8a636179ecaeb9,GoogleTranslator|auto|zh-CN
@Galopin-snt 7 个 月 前,@Galopin-snt 7 个 月 前,f9a4cd060711565f1d7b28a7cb377dc7,GoogleTranslator|auto|zh-CN
479 @& as,第479章,8ec494fc4e7ddcd754c104534fdc0ea1,GoogleTranslator|auto|zh-CN
oo @& as,[错误],8c36723fed21593941d3ca92a0fb7574,GoogleTranslator|auto|zh-CN
| © Gemini35 一 Google「 x | +,| © Gemini35 - 谷歌“ x | +,0fbfea682636ced497ae2ac4395cde44,GoogleTranslator|auto|zh-CN
有 計 実行 は 凄い よ -,[错误],a73850b0d6b174bde6e35000286fdd0e,GoogleTranslator|auto|zh-CN
Stir,搅拌,2ee758547272ef8f39db870d61e9c7b8,GoogleTranslator|auto|zh-CN
所 有事 穫,所 有事 穫,7ecb06ef3a58cd7f0be38ad27bec9b25,GoogleTranslator|auto|zh-CN
O 要 被 大 姐姐 执 扼 地 捉弄 了 呢 …,O 要 被 大 姐姐 执 扼 地 捉弄 了 呢 …,a7a90f118805412581795c855fe73d7d,GoogleTranslator|auto|zh-CN
@ ロロ,@洛洛,feafee2586229047c89337b6b78e35df,GoogleTranslator|auto|zh-CN
10 RME + 直播 时 间 : 2 个 月 前,10 RME + 直播 时 间 : 2 个 月 前,10da57ee82ed53056bfab535aee31251,GoogleTranslator|auto|zh-CN
= mn】,= 百万】,897eb2f4b50b506fbc112bb1082e19c3,GoogleTranslator|auto|zh-CN
YuuRi Channel @,YuuRi频道@,2641a77d007d193007af68372963c7c9,GoogleTranslator|auto|zh-CN
5 時 間 25 分 の 耐久 配信 、 本 当 に お 疲れ 様 で し た ! ! !,[错误],37e74d8c54c1ae2d3237e06389f4d3b9,GoogleTranslator|auto|zh-CN
【ASMR]】 给 我 忍 住 9 RAE,【ASMR]】 给 我 忍 住 9 RAE,b11be4770bdd2cc35d47b83ef71d519c,GoogleTranslator|auto|zh-CN
WARM > 直播 时 间 : 4 个 月 前,WARM > 直播 时 间 : 4 个 月 前,8e1e199e9f519a20113481f3b22a9040,GoogleTranslator|auto|zh-CN
【KU100 ! ASMR】,【KU100！ ASMR】,d618a89f09d539ea8bc6c74bfa654110,GoogleTranslator|auto|zh-CN
ク さ れ ウ ヤン デレ RP ASMR.…,RP ASMR....,c368b0a99fd00df82eac21ae50d42d53,GoogleTranslator|auto|zh-CN
愛さ れ ド,爱过,7f81850dc4114eb6f31852f749834984,GoogleTranslator|auto|zh-CN
Hasuki Ch. 蓮 希 る い @,莲宿 Ch.莲宿瑞@,15d2050aa080b1f66e1259e426884c52,GoogleTranslator|auto|zh-CN
最 新,最 新,d720676ff616b81926e5b74757c1be16,GoogleTranslator|auto|zh-CN
2 次 观看 ，13 分 钟 前,2 次 观看 ，13 分 钟 前,35b26278b93aa5483eafd9da10bd087c,GoogleTranslator|auto|zh-CN
Nancy (Film Diagonal Planet,南希（电影《对角线星球》,be7d8a1654630fb1919426f0cb882c59,GoogleTranslator|auto|zh-CN
【ASMR/ 長 時 間 】 両 古 か ら お ね,[ASMR/久远] 古今皆有之一,746f098b62884df111662a54990508cb,GoogleTranslator|auto|zh-CN
Producciones Gran Torre,伟大的塔制作公司,2917b7d5895064799a3d4b389ffa2735,GoogleTranslator|auto|zh-CN
Haven p.1),避风港第1页）,73f0b7a5df1f0873a492b1dfe3e94254,GoogleTranslator|auto|zh-CN
20 万 次 观看 直播 时 间 : 8 个 月 前,20 万 次 观看 直播 时 间 : 8 个 月 前,64a951a7279336f7c7c53b546bcf1a12,GoogleTranslator|auto|zh-CN
えさ ん た ち に いじ わる され ち .…,食物被篡改了...,4bb91c603b31fb9347e71de17e8272e0,GoogleTranslator|auto|zh-CN
お 疲れ 様 で し た !,[错误],01d5ac3fa11f958fe91086450d774f13,GoogleTranslator|auto|zh-CN
YuuRi Channel @,YuuRi频道@,2641a77d007d193007af68372963c7c9,GoogleTranslator|auto|zh-CN
【ASMR]】 你 比较 喜欢 哪 一 个 ?,【ASMR]】 你 比较 喜欢 哪 一 个 ?,fb47f0ecebb76c3ee658488e153cf46f,GoogleTranslator|auto|zh-CN
44 万 次 观看 直播 时 间 : 2 年 前,44 万 次 观看 直播 时 间 : 2 年 前,90cdd55fc3a3772e9c31c2bb24da3167,GoogleTranslator|auto|zh-CN
mp,议员,1f2dfa567dcf95833eddf7aec167fec7,GoogleTranslator|auto|zh-CN
i 桃 野 著 薇 ASMR ch,i 桃野着薇 ASMR ch,e76d5c7856da58ad871425d991ff1bf7,GoogleTranslator|auto|zh-CN
61 ARIE + 直播 时 间 : 3 个 月 前,61 ARIE + 直播 时 间 : 3 个 月 前,1d8ce2c72118991141684541960a910e,GoogleTranslator|auto|zh-CN
へ 被 大 姐姐 们 从 两 耳 坏 坏 地 捉 .,へ 被 大 姐姐 们 从 两 耳 坏 坏 地 捉 .,8c7f5ce327b3c8a8070e21ba8e3bb408,GoogleTranslator|auto|zh-CN
YuuRi Channel @,YuuRi频道@,2641a77d007d193007af68372963c7c9,GoogleTranslator|auto|zh-CN
【ASMR】 お ね えさ ん に いじ わ,[ASMR] 婴儿食品,ed66d88c7c1983e3b1c0d41e9abf404f,GoogleTranslator|auto|zh-CN
RUG + 直播 时 间 : 7 个 月 前,RUG + 直播 时 间 : 7 个 月 前,0c512a1886643ba74170cc207d85ff99,GoogleTranslator|auto|zh-CN
YuuRi Channel @,YuuRi频道@,2641a77d007d193007af68372963c7c9,GoogleTranslator|auto|zh-CN
る され ちゃ う の た まん な い ツ .…,很容易被抓到...,0551b80031e9768d3c44e1482b756878,GoogleTranslator|auto|zh-CN
(HatASMR) OZBERR,[错误],64ca56b64af17963cc79e506c390e587,GoogleTranslator|auto|zh-CN
53,[错误],d82c8d1619ad8176d665453cfb2e55f0,GoogleTranslator|auto|zh-CN
EXREREORMMLBODE...,[错误],0879634c3d30a2b7bdabdbb3bb8a6598,GoogleTranslator|auto|zh-CN
"@ 【ASMR/6 时 间 ] GE ® X & 百度 一 下 ， 你 就 知道
| 的 meee (*- “oa Fi
うさ う G
ss youtube.com/watch?v=f-ToxWTpVXE
Youube
搜索
ug @& as
| Q& DeepSeek | 深度 求索
@kodai-o2z ® 7 个 月 前
hy 6 時 間 長 時 間 配信 お 疲れ 様 で し た ! 姉さん の 本 気 が 高まっ て き て 有吉 実行 で 本 当 に 凄い で す @ @ CHD SSMEAT—EMELTAUTUEET! WDSHOMES @
大 好き だ よ UI 姉さん が 最強 で 最高 に NO 1 だ よ
uo as
| @& TesseractiNBSaige X | G genimi - Google 搜索
Og @ 袖 マッ チョ マン © 7 个 月 前
長 時 間 の 耐久 配信 疲れ 様 で し た ! ちゃ ん と 完走 し きっ た の 本 当 に すご すぎ ます .…! 6 時 間 も ず っ と 頑張 り 続 けた の で 今日 は た くさ ん 休ん で くだ さい ね 。
今日 も 配信 し て くれ て あり が と う ご ざ いま し た 。
os Oo @& oe
@ @koji-c2k @ 7 个 月 前
最初 か ら 最後 まで 見 守れ て 良かっ た で す !
6 時 間 も 声 を 聞け て 幸せ で し た !
oo @& as
rs) @⑯ ハ ウ カ ー ル 7 條 月 前
有 計 実行 は 凄い よ -
oo @& as
登 @NAYA & 7 个 月 前
5 時 間 25 分 の 耐久 配信 、 本 当 に お 疲れ 様 で し た ! ! !
姉さん な ら 完走 で きる と 信じ て まし た ! それ で も や っ ぱり キツ か っ た で すね .…
4 時 間 あ た りか ら の 脳死 姉さん が 可愛 すぎ て 目 が 池 え わた っ て まし た 笑
ママ 責め ボイス が 長め だ っ た の は 姉さん の 気合 い を 感じ まし た が 、 数 時 間 後 に 自分 の 首 を 絞め る こと に な る と は 思っ て な か っ た ん だ ろう な っ て 考え る と また 笑っ て し まい .…
了 解 详情
479 @& as
@Galopin-snt 7 个 月 前
お 疲れ 様 で し た !
| © Gemini35 一 Google「 x | +
Stir
@ ロロ
= mn】
所 有事 穫
【ASMR]】 给 我 忍 住 9 RAE
O 要 被 大 姐姐 执 扼 地 捉弄 了 呢 …
YuuRi Channel @
10 RME + 直播 时 间 : 2 个 月 前
【KU100 ! ASMR】
愛さ れ ド
ク さ れ ウ ヤン デレ RP ASMR.…
Hasuki Ch. 蓮 希 る い @
WARM > 直播 时 间 : 4 个 月 前
Nancy (Film Diagonal Planet
Haven p.1)
Producciones Gran Torre
2 次 观看 ，13 分 钟 前
最 新
【ASMR/ 長 時 間 】 両 古 か ら お ね
えさ ん た ち に いじ わる され ち .…
YuuRi Channel @
mp
20 万 次 观看 直播 时 间 : 8 个 月 前
(HatASMR) OZBERR
EXREREORMMLBODE...
i 桃 野 著 薇 ASMR ch
44 万 次 观看 直播 时 间 : 2 年 前
【ASMR]】 你 比较 喜欢 哪 一 个 ?
へ 被 大 姐姐 们 从 两 耳 坏 坏 地 捉 .
YuuRi Channel @
61 ARIE + 直播 时 间 : 3 个 月 前
【ASMR】 お ね えさ ん に いじ わ
る され ちゃ う の た まん な い ツ .…
YuuRi Channel @
53
RUG + 直播 时 间 : 7 个 月 前","@ 【ASMR/6 时 间 ] GE ® X & 百度 一 下 ， 你 就 知道
| 的 meee (*-“哦 Fi
[错误]
ss youtube.com/watch?v=f-ToxWTpVXE
尤贝
搜索
和 @& 作为
| Q& DeepSeek | 深度 求索
@kodai-o2z ® 7 个 月 前
hy 感谢你们6个小时的辛苦直播！姐姐的认真度增加了，有吉的执行力真是太棒了@@CHD SSMEAT—EMELTAUTUEET！ WDSHOME@
我非常爱你UI，你是最强的第一。
乌作为
| @& TesseractiNBSaige X | G genimi - Google 搜索
Og @ Sleeve Macho Man © 7 个月前
长时间的耐力直播，我累坏了！能完成比赛真是太了不起了……！你连续辛苦工作了6个小时，希望你今天好好休息。
非常感谢您今天的广播。
哦哦@&你
@ @koji-c2k @ 7 个 月 前
我很高兴能够从头到尾守护你！
6个小时里我很高兴听到你的声音！
[错误]
rs) @⑯ 7 个月前
[错误]
哦@&作为
登 @NAYA & 7 个 月 前
[错误]
我相信姐姐一定能跑完比赛！但还是很艰难...
4小时那个脑残妹妹可爱得我翻白眼，哈哈。
妈妈指责的声音很长，我能感觉到她的热情，但一想到几个小时后她会如何勒死我，我又忍不住笑了。 ……
了 解 详情
第479章
@Galopin-snt 7 个 月 前
[错误]
| © Gemini35 - 谷歌“ x | +
搅拌
@洛洛
= 百万】
所 有事 穫
【ASMR]】 给 我 忍 住 9 RAE
O 要 被 大 姐姐 执 扼 地 捉弄 了 呢 …
YuuRi频道@
10 RME + 直播 时 间 : 2 个 月 前
【KU100！ ASMR】
爱过
RP ASMR....
莲宿 Ch.莲宿瑞@
WARM > 直播 时 间 : 4 个 月 前
南希（电影《对角线星球》
避风港第1页）
伟大的塔制作公司
2 次 观看 ，13 分 钟 前
最 新
[ASMR/久远] 古今皆有之一
食物被篡改了...
YuuRi频道@
议员
20 万 次 观看 直播 时 间 : 8 个 月 前
[错误]
[错误]
i 桃野着薇 ASMR ch
44 万 次 观看 直播 时 间 : 2 年 前
【ASMR]】 你 比较 喜欢 哪 一 个 ?
へ 被 大 姐姐 们 从 两 耳 坏 坏 地 捉 .
YuuRi频道@
61 ARIE + 直播 时 间 : 3 个 月 前
[ASMR] 婴儿食品
很容易被抓到...
YuuRi频道@
[错误]
RUG + 直播 时 间 : 7 个 月 前",0a92ff68e6ac95b53ba972c01ac403ef,GoogleTranslator|auto|zh-CN
& DeepSeek | 深度 求索,& DeepSeek | 深度求索,ee7aecb0656bdddda17a0f97e9a6316b,deepseek|auto|zh-CN
@& DeepSeek 开放 平台,@& DeepSeek 开放平台,0f32057d8b42c557b46a456fb18ecbf7,deepseek|auto|zh-CN
@G,@G,689fff62aa4f9095d6d3ffbbc55fb8b8,deepseek|auto|zh-CN
ss github.com/STranslate/STranslate,ss github.com/STranslate/STranslate,ddaa91760f9f7990acde9c9f23bab53d,deepseek|auto|zh-CN
oo,oo,e47ca7a09cf6781e29634502345930a7,deepseek|auto|zh-CN
oo,oo,e47ca7a09cf6781e29634502345930a7,deepseek|auto|zh-CN
© STranslate / STranslate,© STranslate / STranslate,2ecc49afa2900ebe1b2a98bcbbdf9470,deepseek|auto|zh-CN
<> Code,<> 代码,150a0316c1e00384cc3634a4bfe68a1c,deepseek|auto|zh-CN
© Issues 34 JQ Pull requests 1 & Agents,© Issues 34 JQ Pull requests 1 & Agents,8fde271d450e08655eb80bbd292f7cd2,deepseek|auto|zh-CN
MA STranslate Public,MA STranslate 公开,1d857e634e9d63216cb4020e680c0813,deepseek|auto|zh-CN
ゼ main ~,主分支 ~,dbf31673cbf697cda3e672149dabfee7,deepseek|auto|zh-CN
IS) ZGGSONG Merge pull request #725 from boxi-wangji/feature/add-iciba-transmart-... 中,IS) ZGGSONG 合并拉取请求 #725 来自 boxi-wangji/feature/add-iciba-transmart-... 中,42d232dec02b5ae3e48fa511689ffe07,deepseek|auto|zh-CN
® github,® github,3d27d58e00cf534d2250e8ca1b8b1763,deepseek|auto|zh-CN
® images,® images,b816bd016aa68b0980558a1efb2c4d17,deepseek|auto|zh-CN
| | src,| | src,a2e21c8811b7e9e8a4e1ba0363ff4a32,deepseek|auto|zh-CN
口 gitignore,口 gitignore,cc4e2e3231350b3f0c84b8382e9a486e,deepseek|auto|zh-CN
円 CHANGELOG.md,円 CHANGELOG.md,7421b780669afde66e177b973a8bf073,deepseek|auto|zh-CN
円 CODE_OF_CONDUCT.md,円 CODE_OF_CONDUCT.md,f6b04be543b41bfab53476e0b27ce9a4,deepseek|auto|zh-CN
円 LICENSE,円 LICENSE,0d10da6bfdd62e2515f3e0473229927a,deepseek|auto|zh-CN
円 PRIVACYmd,円 PRIVACY.md,4c73e0d410ad343f933c75d79dad9344,deepseek|auto|zh-CN
円 READMEmd,円 README.md,efc5f3d1f62ecec85b3a9e47f4f4327f,deepseek|auto|zh-CN
円 README_ZH.md,円 README_ZH.md,277d3a56db58466683ef9086dedcb1a9,deepseek|auto|zh-CN
円 sponsormd,円 sponsor.md,5b666bed88cb96d42336bed198c2b9b3,deepseek|auto|zh-CN
円 build.ps1,円 build.ps1,de5af5b70843e08a09813c0af971e201,deepseek|auto|zh-CN
x | Y ぐ pyQt6 导 入 高 亮 补 全 问题 - Dee x,x | Y ぐ pyQt6 导入高亮补全问题 - Dee x,1af437915ea81f44dd0c9a7ce311d740,deepseek|auto|zh-CN
Q) Discussions,Q) 讨论,a27969e23f5ed71aae49d81b074cc77f,deepseek|auto|zh-CN
® 5Branches © 84 Tags,® 5个分支 © 84个标签,c053989de7965a3c1d579d206834c1a4,deepseek|auto|zh-CN
的 wewpmee (°- “oa 干杯 ~-bi x,的 wewpmee (°- “oa 干杯 ~-bi x,a003c0ee9f1c7df0394e17e4ad24ee30,deepseek|auto|zh-CN
© Actions,© 操作,b70728a19464580f1aecb82238b6b278,deepseek|auto|zh-CN
田 Projects,田 项目,b842d6f4ed079803c8c4ce5512006686,deepseek|auto|zh-CN
Q Goto file,Q 转到文件,013b10a6f5907bc7af9d253b1a038a2e,deepseek|auto|zh-CN
try another way,尝试另一种方式,4c6859d034d81bb581815e5a50d1d27c,deepseek|auto|zh-CN
feat: add update internationalization and portable mode upg...,功能：添加更新国际化与便携模式升级...,9cc3b66b99c3ea805636b00131ab3a50,deepseek|auto|zh-CN
添加 金山 翻译 与 腾讯 翻译 内 置 插件,添加金山翻译与腾讯翻译内置插件,f2eaca95cf90dcd205dde1527a962009,deepseek|auto|zh-CN
chore,杂项,5dc1abe9a555f9e673c36fb06697ab44,deepseek|auto|zh-CN
feat: temporarily show and focus input box when triggering i...,功能：触发时临时显示并聚焦输入框...,f164f212d1a8950afae53e1ea3bcbefa,deepseek|auto|zh-CN
Add Code of Conduct document,添加行为准则文档,c87c1c029393d4e2e9b89a12db041a36,deepseek|auto|zh-CN
update license,更新许可证,37da3fae56d8fe78609239cd17f02cec,deepseek|auto|zh-CN
新 增 隐私 策略 文档,新增隐私策略文档,3601f0bd90b21c44e4a05940472ea0b3,deepseek|auto|zh-CN
docs: update readme,文档：更新自述文件,3d3ac8e1f5d2dec58be1208c73fe038e,deepseek|auto|zh-CN
docs: update readme,文档：更新自述文件,3d3ac8e1f5d2dec58be1208c73fe038e,deepseek|auto|zh-CN
docs: update sponsor,文档：更新赞助信息,14fb7656def1fa6b841beeee9d1fe8f4,deepseek|auto|zh-CN
feat: use a modern solution,功能：使用现代解决方案,e945a3109434ce91054fe6c383bd6891,deepseek|auto|zh-CN
£213a86 - 2 days ago,£213a86 - 2天前,0e974472aa999bca8b1d91ec47b50749,deepseek|auto|zh-CN
CO 疯狂 地 形 生成 我 的 世界 eX,CO 疯狂地形生成我的世界 eX,3236b9b1e484b36feda11e75b8f116a5,deepseek|auto|zh-CN
© Security and quality | トン Insights,© 安全与质量 | トン 洞察,b0d453aa74cea9197318fdca8320a2e2,deepseek|auto|zh-CN
人 @ Watch 20,人 @ 关注 20,f0124b0778194fee0a8f688610edb143,deepseek|auto|zh-CN
© 1.831 Commits,"© 1,831次提交",b901b1a012f4b30819f80db3492c811f,deepseek|auto|zh-CN
6 months ago,6个月前,26e4fae92d6ace20bc6ff643ef99c9ca,deepseek|auto|zh-CN
6 months ago,6个月前,26e4fae92d6ace20bc6ff643ef99c9ca,deepseek|auto|zh-CN
2 days ago,2天前,96ff6a72c6c437aaa3c137c0ffd5e1db,deepseek|auto|zh-CN
4 months ago,4个月前,c4bfe1592529a6c08911143bbf19d47e,deepseek|auto|zh-CN
3 weeks ago,3周前,61d9ebf761264f1d42f6f207aff0c97e,deepseek|auto|zh-CN
2 months ago,2个月前,fe08af8a03aea309b0e4a4a11a0cef0b,deepseek|auto|zh-CN
4 years ago,4年前,bcbb4c35254df0c2df1f9e84b28041bd,deepseek|auto|zh-CN
9 months ago,9个月前,6d5d693ee3c388f587c6e931df264015,deepseek|auto|zh-CN
3 months ago,3个月前,87ce8a6dc57ae39eda8b5d7e060d1cd2,deepseek|auto|zh-CN
3 months ago,3个月前,87ce8a6dc57ae39eda8b5d7e060d1cd2,deepseek|auto|zh-CN
2 weeks ago,2周前,289ff6360435f82759f7d6d4b598670a,deepseek|auto|zh-CN
4 months ago,4个月前,c4bfe1592529a6c08911143bbf19d47e,deepseek|auto|zh-CN
〇 STranslate/STranslate: Areacl X,〇 STranslate/STranslate: 区域 X,1fa44acc3dc89cc286626988155f08cf,deepseek|auto|zh-CN
Stir,Stir,2ee758547272ef8f39db870d61e9c7b8,deepseek|auto|zh-CN
@ ロロ,@ ロロ,feafee2586229047c89337b6b78e35df,deepseek|auto|zh-CN
Q Type[/]to search,Q 输入[/]搜索,be7ee84f701ca3aeb9da15cc1419468b,deepseek|auto|zh-CN
8B ~,8B ~,5e5ee9ea707b91c3ba3f06213f6270e7,deepseek|auto|zh-CN
Fork 376,Fork 376,764515ed29761e6ddf97de234e8d07d4,deepseek|auto|zh-CN
交 Star 72k,交 Star 72k,7db60065e254cfcb697f413873c8dcdd,deepseek|auto|zh-CN
About,关于,8f7f4c1ce7a4f933663d10543562b096,deepseek|auto|zh-CN
A ready-to-go translation ocr tool,一款即用即走的翻译OCR工具,083a39817b57ab019d3af0cbc2febf79,deepseek|auto|zh-CN
developed with WPF/WPF 开发 的 一 款,使用WPF开发的一款,8ef08831b883cb281c3fdf51af2d90d3,deepseek|auto|zh-CN
即 用 即 走 的 翻译 、OCR 工 具,即用即走的翻译、OCR工具,8154bba6087ef307d7aca1dcfb413fa7,deepseek|auto|zh-CN
レク stranslate.zggsong.com,レク stranslate.zggsong.com,0fd92390ab21f684b37e9fc199426193,deepseek|auto|zh-CN
plugin,插件,a24bcf2198b1b13ad985304483f7f324,deepseek|auto|zh-CN
ocr,OCR,e937d7a161458fb314ccbbce94150e22,deepseek|auto|zh-CN
wpf,WPF,42fec5bb39a12715eb2038ef2d024f7d,deepseek|auto|zh-CN
translate,翻译,fc46e26a907870744758b76166150f62,deepseek|auto|zh-CN
stranslate,STranslate,9cbfd25b54884dc063ab3898cbc8021c,deepseek|auto|zh-CN
Readme,自述文件,36e1237b957fa2002d264c5fd031c547,deepseek|auto|zh-CN
MIT license,MIT许可证,b1101be903428cec3d118f4496ad8c15,deepseek|auto|zh-CN
Code of conduct,行为准则,6e47fbe3b67fa8eaff2e4aa73e4c2fd0,deepseek|auto|zh-CN
+888,+888,3381397bda90a345acce73c3f72f47ab,deepseek|auto|zh-CN
Activity,活动,ecfc2dffe568c10a67dbc6d3724cfde2,deepseek|auto|zh-CN
=],=],39926befe6d9ab0b0024b536ca934cc2,deepseek|auto|zh-CN
Custom properties,自定义属性,da9a5d443771d8e31df05434c5149795,deepseek|auto|zh-CN
7.2k stars,7.2k星标,fcd49296eeb8483f6be3993861fa1895,deepseek|auto|zh-CN
20 watching,20关注,2dcd15c2d33d1447eec581977a4dd602,deepseek|auto|zh-CN
9 ec 人,9 ec 人,8364ca5e3f90d9c864fa85565c58d649,deepseek|auto|zh-CN
376 forks,376个复刻,8379095c53080c9797479999287dccd9,deepseek|auto|zh-CN
Report repository,举报仓库,7e236f9dc982a31a02a67919ad086673,deepseek|auto|zh-CN
Releases 78,发布版本 78,eb1d047b2f920d16d8cf690c83de7640,deepseek|auto|zh-CN
D> v2.07,D> v2.07,d69ba8b7881310b08fd3ebb3064873c6,deepseek|auto|zh-CN
3 weeks ago,3周前,61d9ebf761264f1d42f6f207aff0c97e,deepseek|auto|zh-CN
"& DeepSeek | 深度 求索
@& DeepSeek 开放 平台
@G
ss github.com/STranslate/STranslate
oo
oo
© STranslate / STranslate
<> Code
© Issues 34 JQ Pull requests 1 & Agents
MA STranslate Public
ゼ main ~
IS) ZGGSONG Merge pull request #725 from boxi-wangji/feature/add-iciba-transmart-... 中
® github
® images
| | src
口 gitignore
円 CHANGELOG.md
円 CODE_OF_CONDUCT.md
円 LICENSE
円 PRIVACYmd
円 READMEmd
円 README_ZH.md
円 sponsormd
円 build.ps1
x | Y ぐ pyQt6 导 入 高 亮 补 全 问题 - Dee x
Q) Discussions
® 5Branches © 84 Tags
的 wewpmee (°- “oa 干杯 ~-bi x
© Actions
田 Projects
Q Goto file
try another way
feat: add update internationalization and portable mode upg...
添加 金山 翻译 与 腾讯 翻译 内 置 插件
chore
feat: temporarily show and focus input box when triggering i...
Add Code of Conduct document
update license
新 增 隐私 策略 文档
docs: update readme
docs: update readme
docs: update sponsor
feat: use a modern solution
£213a86 - 2 days ago
CO 疯狂 地 形 生成 我 的 世界 eX
© Security and quality | トン Insights
人 @ Watch 20
© 1.831 Commits
6 months ago
6 months ago
2 days ago
4 months ago
3 weeks ago
2 months ago
4 years ago
9 months ago
3 months ago
3 months ago
2 weeks ago
4 months ago
〇 STranslate/STranslate: Areacl X
Stir
@ ロロ
Q Type[/]to search
8B ~
Fork 376
交 Star 72k
About
A ready-to-go translation ocr tool
developed with WPF/WPF 开发 的 一 款
即 用 即 走 的 翻译 、OCR 工 具
レク stranslate.zggsong.com
plugin
ocr
wpf
translate
stranslate
Readme
MIT license
Code of conduct
+888
Activity
=]
Custom properties
7.2k stars
20 watching
9 ec 人
376 forks
Report repository
Releases 78
D> v2.07
3 weeks ago","& DeepSeek | 深度求索
@& DeepSeek 开放平台
@G
ss github.com/STranslate/STranslate
oo
oo
© STranslate / STranslate
<> 代码
© Issues 34 JQ Pull requests 1 & Agents
MA STranslate 公开
主分支 ~
IS) ZGGSONG 合并拉取请求 #725 来自 boxi-wangji/feature/add-iciba-transmart-... 中
® github
® images
| | src
口 gitignore
円 CHANGELOG.md
円 CODE_OF_CONDUCT.md
円 LICENSE
円 PRIVACY.md
円 README.md
円 README_ZH.md
円 sponsor.md
円 build.ps1
x | Y ぐ pyQt6 导入高亮补全问题 - Dee x
Q) 讨论
® 5个分支 © 84个标签
的 wewpmee (°- “oa 干杯 ~-bi x
© 操作
田 项目
Q 转到文件
尝试另一种方式
功能：添加更新国际化与便携模式升级...
添加金山翻译与腾讯翻译内置插件
杂项
功能：触发时临时显示并聚焦输入框...
添加行为准则文档
更新许可证
新增隐私策略文档
文档：更新自述文件
文档：更新自述文件
文档：更新赞助信息
功能：使用现代解决方案
£213a86 - 2天前
CO 疯狂地形生成我的世界 eX
© 安全与质量 | トン 洞察
人 @ 关注 20
© 1,831次提交
6个月前
6个月前
2天前
4个月前
3周前
2个月前
4年前
9个月前
3个月前
3个月前
2周前
4个月前
〇 STranslate/STranslate: 区域 X
Stir
@ ロロ
Q 输入[/]搜索
8B ~
Fork 376
交 Star 72k
关于
一款即用即走的翻译OCR工具
使用WPF开发的一款
即用即走的翻译、OCR工具
レク stranslate.zggsong.com
插件
OCR
WPF
翻译
STranslate
自述文件
MIT许可证
行为准则
+888
活动
=]
自定义属性
7.2k星标
20关注
9 ec 人
376个复刻
举报仓库
发布版本 78
D> v2.07
3周前",bd1a73ab953dcf6a6ccfd0a9f4a06bac,deepseek|auto|zh-CN
& DeepSeek | 深度 求索,& DeepSeek | 深度求索,ee7aecb0656bdddda17a0f97e9a6316b,deepseek|auto|zh-CN
@& DeepSeek 开放 平台,@& DeepSeek 开放平台,0f32057d8b42c557b46a456fb18ecbf7,deepseek|auto|zh-CN
@G,@G,689fff62aa4f9095d6d3ffbbc55fb8b8,deepseek|auto|zh-CN
ss github.com/STranslate/STranslate,ss github.com/STranslate/STranslate,ddaa91760f9f7990acde9c9f23bab53d,deepseek|auto|zh-CN
oo,oo,e47ca7a09cf6781e29634502345930a7,deepseek|auto|zh-CN
oo,oo,e47ca7a09cf6781e29634502345930a7,deepseek|auto|zh-CN
© STranslate / STranslate,© STranslate / STranslate,2ecc49afa2900ebe1b2a98bcbbdf9470,deepseek|auto|zh-CN
<> Code,<> 代码,150a0316c1e00384cc3634a4bfe68a1c,deepseek|auto|zh-CN
© Issues 34 JQ Pull requests 1 & Agents,© Issues 34 JQ Pull requests 1 & Agents,8fde271d450e08655eb80bbd292f7cd2,deepseek|auto|zh-CN
MA STranslate Public,MA STranslate 公开,1d857e634e9d63216cb4020e680c0813,deepseek|auto|zh-CN
ゼ main ~,主分支 ~,dbf31673cbf697cda3e672149dabfee7,deepseek|auto|zh-CN
IS) ZGGSONG Merge pull request #725 from boxi-wangji/feature/add-iciba-transmart-... 中,IS) ZGGSONG 合并拉取请求 #725 来自 boxi-wangji/feature/add-iciba-transmart-... 中,42d232dec02b5ae3e48fa511689ffe07,deepseek|auto|zh-CN
® github,® github,3d27d58e00cf534d2250e8ca1b8b1763,deepseek|auto|zh-CN
® images,® 图片,b816bd016aa68b0980558a1efb2c4d17,deepseek|auto|zh-CN
| | src,| | 源代码,a2e21c8811b7e9e8a4e1ba0363ff4a32,deepseek|auto|zh-CN
口 gitignore,口 gitignore,cc4e2e3231350b3f0c84b8382e9a486e,deepseek|auto|zh-CN
円 CHANGELOG.md,円 CHANGELOG.md,7421b780669afde66e177b973a8bf073,deepseek|auto|zh-CN
円 CODE_OF_CONDUCT.md,円 CODE_OF_CONDUCT.md,f6b04be543b41bfab53476e0b27ce9a4,deepseek|auto|zh-CN
円 LICENSE,円 LICENSE,0d10da6bfdd62e2515f3e0473229927a,deepseek|auto|zh-CN
円 PRIVACYmd,円 PRIVACY.md,4c73e0d410ad343f933c75d79dad9344,deepseek|auto|zh-CN
円 READMEmd,円 README.md,efc5f3d1f62ecec85b3a9e47f4f4327f,deepseek|auto|zh-CN
円 README_ZH.md,円 README_ZH.md,277d3a56db58466683ef9086dedcb1a9,deepseek|auto|zh-CN
円 sponsormd,円 sponsor.md,5b666bed88cb96d42336bed198c2b9b3,deepseek|auto|zh-CN
円 build.ps1,円 build.ps1,de5af5b70843e08a09813c0af971e201,deepseek|auto|zh-CN
x | Y ぐ pyQt6 导 入 高 亮 补 全 问题 - Dee x,x | Y ぐ pyQt6 导入高亮补全问题 - Dee x,1af437915ea81f44dd0c9a7ce311d740,deepseek|auto|zh-CN
Q) Discussions,Q) 讨论,a27969e23f5ed71aae49d81b074cc77f,deepseek|auto|zh-CN
® 5Branches © 84 Tags,® 5个分支 © 84个标签,c053989de7965a3c1d579d206834c1a4,deepseek|auto|zh-CN
的 wewpmee (°- “oa 干杯 ~-bi x,的 wewpmee (°- “oa 干杯 ~-bi x,a003c0ee9f1c7df0394e17e4ad24ee30,deepseek|auto|zh-CN
© Actions,© 操作,b70728a19464580f1aecb82238b6b278,deepseek|auto|zh-CN
田 Projects,田 项目,b842d6f4ed079803c8c4ce5512006686,deepseek|auto|zh-CN
Q Goto file,Q 转到文件,013b10a6f5907bc7af9d253b1a038a2e,deepseek|auto|zh-CN
try another way,尝试另一种方式,4c6859d034d81bb581815e5a50d1d27c,deepseek|auto|zh-CN
feat: add update internationalization and portable mode upg...,特性：添加更新国际化与便携模式升级...,9cc3b66b99c3ea805636b00131ab3a50,deepseek|auto|zh-CN
添加 金山 翻译 与 腾讯 翻译 内 置 插件,添加金山翻译与腾讯翻译内置插件,f2eaca95cf90dcd205dde1527a962009,deepseek|auto|zh-CN
chore,杂项,5dc1abe9a555f9e673c36fb06697ab44,deepseek|auto|zh-CN
feat: temporarily show and focus input box when triggering i...,特性：触发时临时显示并聚焦输入框...,f164f212d1a8950afae53e1ea3bcbefa,deepseek|auto|zh-CN
Add Code of Conduct document,添加行为准则文档,c87c1c029393d4e2e9b89a12db041a36,deepseek|auto|zh-CN
update license,更新许可证,37da3fae56d8fe78609239cd17f02cec,deepseek|auto|zh-CN
新 增 隐私 策略 文档,新增隐私策略文档,3601f0bd90b21c44e4a05940472ea0b3,deepseek|auto|zh-CN
docs: update readme,文档：更新自述文件,3d3ac8e1f5d2dec58be1208c73fe038e,deepseek|auto|zh-CN
docs: update readme,文档：更新自述文件,3d3ac8e1f5d2dec58be1208c73fe038e,deepseek|auto|zh-CN
docs: update sponsor,文档：更新赞助者,14fb7656def1fa6b841beeee9d1fe8f4,deepseek|auto|zh-CN
feat: use a modern solution,特性：使用现代解决方案,e945a3109434ce91054fe6c383bd6891,deepseek|auto|zh-CN
£213a86 - 2 days ago,£213a86 - 2天前,0e974472aa999bca8b1d91ec47b50749,deepseek|auto|zh-CN
CO 疯狂 地 形 生成 我 的 世界 eX,CO 疯狂地形生成我的世界 eX,3236b9b1e484b36feda11e75b8f116a5,deepseek|auto|zh-CN
© Security and quality | トン Insights,© 安全与质量 | トン 洞察,b0d453aa74cea9197318fdca8320a2e2,deepseek|auto|zh-CN
人 @ Watch 20,人 @ 关注 20,f0124b0778194fee0a8f688610edb143,deepseek|auto|zh-CN
© 1.831 Commits,"© 1,831次提交",b901b1a012f4b30819f80db3492c811f,deepseek|auto|zh-CN
6 months ago,6个月前,26e4fae92d6ace20bc6ff643ef99c9ca,deepseek|auto|zh-CN
6 months ago,6个月前,26e4fae92d6ace20bc6ff643ef99c9ca,deepseek|auto|zh-CN
2 days ago,2天前,96ff6a72c6c437aaa3c137c0ffd5e1db,deepseek|auto|zh-CN
4 months ago,4个月前,c4bfe1592529a6c08911143bbf19d47e,deepseek|auto|zh-CN
3 weeks ago,3周前,61d9ebf761264f1d42f6f207aff0c97e,deepseek|auto|zh-CN
2 months ago,2个月前,fe08af8a03aea309b0e4a4a11a0cef0b,deepseek|auto|zh-CN
4 years ago,4年前,bcbb4c35254df0c2df1f9e84b28041bd,deepseek|auto|zh-CN
9 months ago,9个月前,6d5d693ee3c388f587c6e931df264015,deepseek|auto|zh-CN
3 months ago,3个月前,87ce8a6dc57ae39eda8b5d7e060d1cd2,deepseek|auto|zh-CN
3 months ago,3个月前,87ce8a6dc57ae39eda8b5d7e060d1cd2,deepseek|auto|zh-CN
2 weeks ago,2周前,289ff6360435f82759f7d6d4b598670a,deepseek|auto|zh-CN
4 months ago,4个月前,c4bfe1592529a6c08911143bbf19d47e,deepseek|auto|zh-CN
〇 STranslate/STranslate: Areacl X,〇 STranslate/STranslate: 区域 X,1fa44acc3dc89cc286626988155f08cf,deepseek|auto|zh-CN
Stir,搅拌,2ee758547272ef8f39db870d61e9c7b8,deepseek|auto|zh-CN
@ ロロ,@ ロロ,feafee2586229047c89337b6b78e35df,deepseek|auto|zh-CN
Q Type[/]to search,Q 输入[/]搜索,be7ee84f701ca3aeb9da15cc1419468b,deepseek|auto|zh-CN
8B ~,8B ~,5e5ee9ea707b91c3ba3f06213f6270e7,deepseek|auto|zh-CN
Fork 376,分叉 376,764515ed29761e6ddf97de234e8d07d4,deepseek|auto|zh-CN
交 Star 72k,交 星标 72k,7db60065e254cfcb697f413873c8dcdd,deepseek|auto|zh-CN
About,关于,8f7f4c1ce7a4f933663d10543562b096,deepseek|auto|zh-CN
A ready-to-go translation ocr tool,一款即用即走的翻译OCR工具,083a39817b57ab019d3af0cbc2febf79,deepseek|auto|zh-CN
developed with WPF/WPF 开发 的 一 款,使用WPF开发的一款,8ef08831b883cb281c3fdf51af2d90d3,deepseek|auto|zh-CN
即 用 即 走 的 翻译 、OCR 工 具,即用即走的翻译、OCR工具,8154bba6087ef307d7aca1dcfb413fa7,deepseek|auto|zh-CN
レク stranslate.zggsong.com,レク stranslate.zggsong.com,0fd92390ab21f684b37e9fc199426193,deepseek|auto|zh-CN
plugin,插件,a24bcf2198b1b13ad985304483f7f324,deepseek|auto|zh-CN
ocr,OCR,e937d7a161458fb314ccbbce94150e22,deepseek|auto|zh-CN
wpf,WPF,42fec5bb39a12715eb2038ef2d024f7d,deepseek|auto|zh-CN
translate,翻译,fc46e26a907870744758b76166150f62,deepseek|auto|zh-CN
stranslate,STranslate,9cbfd25b54884dc063ab3898cbc8021c,deepseek|auto|zh-CN
Readme,自述文件,36e1237b957fa2002d264c5fd031c547,deepseek|auto|zh-CN
MIT license,MIT许可证,b1101be903428cec3d118f4496ad8c15,deepseek|auto|zh-CN
Code of conduct,行为准则,6e47fbe3b67fa8eaff2e4aa73e4c2fd0,deepseek|auto|zh-CN
+888,+888,3381397bda90a345acce73c3f72f47ab,deepseek|auto|zh-CN
Activity,活动,ecfc2dffe568c10a67dbc6d3724cfde2,deepseek|auto|zh-CN
=],=],39926befe6d9ab0b0024b536ca934cc2,deepseek|auto|zh-CN
Custom properties,自定义属性,da9a5d443771d8e31df05434c5149795,deepseek|auto|zh-CN
7.2k stars,7.2k星标,fcd49296eeb8483f6be3993861fa1895,deepseek|auto|zh-CN
20 watching,20关注,2dcd15c2d33d1447eec581977a4dd602,deepseek|auto|zh-CN
9 ec 人,9 ec 人,8364ca5e3f90d9c864fa85565c58d649,deepseek|auto|zh-CN
376 forks,376分叉,8379095c53080c9797479999287dccd9,deepseek|auto|zh-CN
Report repository,报告仓库,7e236f9dc982a31a02a67919ad086673,deepseek|auto|zh-CN
Releases 78,发布 78,eb1d047b2f920d16d8cf690c83de7640,deepseek|auto|zh-CN
D> v2.07,D> v2.07,d69ba8b7881310b08fd3ebb3064873c6,deepseek|auto|zh-CN
3 weeks ago,3周前,61d9ebf761264f1d42f6f207aff0c97e,deepseek|auto|zh-CN
"& DeepSeek | 深度 求索
@& DeepSeek 开放 平台
@G
ss github.com/STranslate/STranslate
oo
oo
© STranslate / STranslate
<> Code
© Issues 34 JQ Pull requests 1 & Agents
MA STranslate Public
ゼ main ~
IS) ZGGSONG Merge pull request #725 from boxi-wangji/feature/add-iciba-transmart-... 中
® github
® images
| | src
口 gitignore
円 CHANGELOG.md
円 CODE_OF_CONDUCT.md
円 LICENSE
円 PRIVACYmd
円 READMEmd
円 README_ZH.md
円 sponsormd
円 build.ps1
x | Y ぐ pyQt6 导 入 高 亮 补 全 问题 - Dee x
Q) Discussions
® 5Branches © 84 Tags
的 wewpmee (°- “oa 干杯 ~-bi x
© Actions
田 Projects
Q Goto file
try another way
feat: add update internationalization and portable mode upg...
添加 金山 翻译 与 腾讯 翻译 内 置 插件
chore
feat: temporarily show and focus input box when triggering i...
Add Code of Conduct document
update license
新 增 隐私 策略 文档
docs: update readme
docs: update readme
docs: update sponsor
feat: use a modern solution
£213a86 - 2 days ago
CO 疯狂 地 形 生成 我 的 世界 eX
© Security and quality | トン Insights
人 @ Watch 20
© 1.831 Commits
6 months ago
6 months ago
2 days ago
4 months ago
3 weeks ago
2 months ago
4 years ago
9 months ago
3 months ago
3 months ago
2 weeks ago
4 months ago
〇 STranslate/STranslate: Areacl X
Stir
@ ロロ
Q Type[/]to search
8B ~
Fork 376
交 Star 72k
About
A ready-to-go translation ocr tool
developed with WPF/WPF 开发 的 一 款
即 用 即 走 的 翻译 、OCR 工 具
レク stranslate.zggsong.com
plugin
ocr
wpf
translate
stranslate
Readme
MIT license
Code of conduct
+888
Activity
=]
Custom properties
7.2k stars
20 watching
9 ec 人
376 forks
Report repository
Releases 78
D> v2.07
3 weeks ago","& DeepSeek | 深度求索
@& DeepSeek 开放平台
@G
ss github.com/STranslate/STranslate
oo
oo
© STranslate / STranslate
<> 代码
© Issues 34 JQ Pull requests 1 & Agents
MA STranslate 公开
主分支 ~
IS) ZGGSONG 合并拉取请求 #725 来自 boxi-wangji/feature/add-iciba-transmart-... 中
® github
® 图片
| | 源代码
口 gitignore
円 CHANGELOG.md
円 CODE_OF_CONDUCT.md
円 LICENSE
円 PRIVACY.md
円 README.md
円 README_ZH.md
円 sponsor.md
円 build.ps1
x | Y ぐ pyQt6 导入高亮补全问题 - Dee x
Q) 讨论
® 5个分支 © 84个标签
的 wewpmee (°- “oa 干杯 ~-bi x
© 操作
田 项目
Q 转到文件
尝试另一种方式
特性：添加更新国际化与便携模式升级...
添加金山翻译与腾讯翻译内置插件
杂项
特性：触发时临时显示并聚焦输入框...
添加行为准则文档
更新许可证
新增隐私策略文档
文档：更新自述文件
文档：更新自述文件
文档：更新赞助者
特性：使用现代解决方案
£213a86 - 2天前
CO 疯狂地形生成我的世界 eX
© 安全与质量 | トン 洞察
人 @ 关注 20
© 1,831次提交
6个月前
6个月前
2天前
4个月前
3周前
2个月前
4年前
9个月前
3个月前
3个月前
2周前
4个月前
〇 STranslate/STranslate: 区域 X
搅拌
@ ロロ
Q 输入[/]搜索
8B ~
分叉 376
交 星标 72k
关于
一款即用即走的翻译OCR工具
使用WPF开发的一款
即用即走的翻译、OCR工具
レク stranslate.zggsong.com
插件
OCR
WPF
翻译
STranslate
自述文件
MIT许可证
行为准则
+888
活动
=]
自定义属性
7.2k星标
20关注
9 ec 人
376分叉
报告仓库
发布 78
D> v2.07
3周前",bd1a73ab953dcf6a6ccfd0a9f4a06bac,deepseek|auto|zh-CN
マン,慢,8331cc8c7eb45a0f75339136a7e0bb02,deepseek|auto|zh-CN
DeepSeek | 深度 求 素 X | YY DeepSeck 开放 平台,DeepSeek | 深度求索 | YY DeepSeek 开放平台,c60c4ed499367c7a452daa2bf1adba70,deepseek|auto|zh-CN
| & PyQt6 导 入 高 亮 补 全 问题,| & PyQt6 导入高亮补全问题,a60c2891927abf3f7777053f12bef76c,deepseek|auto|zh-CN
ss youtube.com/watch?v=Keipwau0Vgg&t=1147s,ss youtube.com/watch?v=Keipwau0Vgg&t=1147s,970773a4555dc77148527120bc99ce84,deepseek|auto|zh-CN
(I,(我,b3d1a8c03226c4a4bac018e32f5b2316,deepseek|auto|zh-CN
加 Youfube”,加 YouTube”,5662f220f20e2c903db57f8399d6acd1,deepseek|auto|zh-CN
43 @ @& as,43 @ @& as,acd0bd31cc0a0803997c9370f177355c,deepseek|auto|zh-CN
@! 神 無 優 - か ん な ゆう 1 © 2 年 前,@! 神無優 - かんなゆう © 2年前,93805888fdde380f785526db5e95072a,deepseek|auto|zh-CN
アー カイ ブ 拝 見 致し まし た .,已拜读存档。,d0af051ce58aa1931a50b9f357b87cf1,deepseek|auto|zh-CN
"配信 , お 疲れ 様 で し た . YuuRi さ ん の ASMR 良 き で し た わ ・・・.",直播辛苦了。YuuRi桑的ASMR很棒……,ccf76b4f49f42df636fe34b72edccdaa,deepseek|auto|zh-CN
次 の 配信 も 楽し み に し て いま す .,期待下一次直播。,fadc52f3998ad5b5ee53988f5a0738f3,deepseek|auto|zh-CN
43 Oe,43 Oe,ed3ce0b50a049a1d9ca97291b44a31a4,deepseek|auto|zh-CN
@tukutukubou4 2 年 前,@tukutukubou4 2年前,a1e5a3d13563800f631e84b8677455a4,deepseek|auto|zh-CN
声 も セリ フ も 最高 で す ! それ し か 言え ませ ん ! DVIVIVY,声音和台词都太棒了！只能说这么多了！DVIVIVY,7e3089d989846e15586082cdd6116dca,deepseek|auto|zh-CN
ら z @ &,ら z @ &,aea615919c2b76f8038a1bab288789d1,deepseek|auto|zh-CN
@skysktgx 2 年 前,@skysktgx 2年前,883460a0ced61b74b9cc33f12a43bf61,deepseek|auto|zh-CN
めちゃ くち ゃ 癒さ れ ま し た ! ! ! る 07 全,被治愈得不行了！！！る 07 全,5759d55bef11a57feace3d968b15c5ce,deepseek|auto|zh-CN
547 &,547 &,52c919ebd3d3282b4cc391947c36e3f6,deepseek|auto|zh-CN
@nemu_nito 1 年 前,@nemu_nito 1年前,9d2c63253b2c17b2e1e365a78f914a48,deepseek|auto|zh-CN
寝れ な い 時 は これ 聞い て 寝 さ せ て も ろ て ます まぁ じ で ド S 感 謝,睡不着的时候就听这个入睡，真的非常感谢S桑,f910dd8059572df9fc426c07539964e4,deepseek|auto|zh-CN
59 @& os,59 @& os,1ad2a818777e1c54cb3ed8aeedc85443,deepseek|auto|zh-CN
⑯ し ゅ ん けつ 竣 傑 @ 2 年 前,⑯ しゅんけつ竣傑 @ 2年前,6bd122f92ac4017c1755dc4893bb6276,deepseek|auto|zh-CN
最高 な 配信 で し た,最棒的直播,43dcab3cd64f266a2b49e1b572223d16,deepseek|auto|zh-CN
449 @& as,449 @& as,655fcb792b71917305ba9bfe655e1a0d,deepseek|auto|zh-CN
@⑯ め ん た いこ や ろ ー 1 年 前,@⑯ めんたいこやろー 1年前,fe12b9b46380a9cc883a13930f82bfcb,deepseek|auto|zh-CN
25:13,25:13,63bd2472b18b1a7bd6e9a60d12c68067,deepseek|auto|zh-CN
36:45 ざこ,36:45 笨蛋,8532c1cc6a22aacda0d01508b99bc518,deepseek|auto|zh-CN
44:46,44:46,4c88265751037706634d7903c07ddff7,deepseek|auto|zh-CN
47:12 水 …,47:12 水…,c7f754733c6e94e80887053492364d49,deepseek|auto|zh-CN
了 解 详情,了解详情,ff4ead1f0a4909c190c3467a6e321294,deepseek|auto|zh-CN
の 35 の @& as,の 35 の @& as,988b121c9f4cf07b8d7d4f57af3e1426,deepseek|auto|zh-CN
捜索,搜索,5114a335c60b4d0da83d108d53363097,deepseek|auto|zh-CN
| 的 meee ( oa) x | 的 疯狂 地 形 生成 我 的 世界 X |,| 的 meee ( oa) x | 的疯狂地形生成我的世界 X |,50c89e97dc03b237323af98264fa8a27,deepseek|auto|zh-CN
STranslate/STranslate: / x,STranslate/STranslate: / x,31f61920d6a44912ab08b5d9a9cfde79,deepseek|auto|zh-CN
© 【ASMR/ 神 回 3 時 間 】S- X +,© 【ASMR/神回3時間】S- X +,6edfa97b84d6212eba9b6f89112cb7cf,deepseek|auto|zh-CN
atirxw,atirxw,0ccdf987e36226ccb3629349e133f0b0,deepseek|auto|zh-CN
FO,FO,c0398fb66542bbcf6e14417a0a6751f4,deepseek|auto|zh-CN
所 有事 穫,所有权,7ecb06ef3a58cd7f0be38ad27bec9b25,deepseek|auto|zh-CN
【ASMR]】 你 比较 喜欢 哪 一 个 ? O,【ASMR】你比较喜欢哪一个？O,c605aaf0388af42252f1cadab3044c25,deepseek|auto|zh-CN
TS 被 大 姐姐 们 从 两 耳 坏 坏 地 捉弄，..,TS被大姐姐们从双耳坏坏地捉弄，..,4abde50a04e6fae9009bf4e56c907742,deepseek|auto|zh-CN
YuuRi Channel @,YuuRi Channel @,2641a77d007d193007af68372963c7c9,deepseek|auto|zh-CN
6.2A RMB + BMI: 3 个 月 前,6.2A RMB + BMI: 3个月前,9c7a5d11fc362051a3528d8887107cde,deepseek|auto|zh-CN
【KU100 ; ASMR】 ご 低音 で ぞ く,【KU100 ; ASMR】用低音让耳朵,bb3e2e0b4a75ea79e71d51e82ed2f100,deepseek|auto|zh-CN
ぞ く 耳 堕ち し ちゃ う ? し て あげ .…,酥麻沉沦？让我来……,0c7a93ee3565f4bec9300cb973c7c5e1,deepseek|auto|zh-CN
"AJA,","AJA,",d716c53217af1cffee301ee9b6c82886,deepseek|auto|zh-CN
Hasuki ch. 運 希 る い @,Hasuki ch. 運希るい @,ab61d5f6f77363b5d70296e2c262eea9,deepseek|auto|zh-CN
WARIS + 直播 时 间 : 1 年 前,WARIS + 直播时间：1年前,423ddface5ad9c7a06cca49018681205,deepseek|auto|zh-CN
【ASMR/ 長 時 間 】 両 耳 か ら お ね え,【ASMR/长时间】从双耳被姐姐,dfe2de8759885096dc252f399ed91dd4,deepseek|auto|zh-CN
さん た ち に いじ わる され ちゃ う .…,们捉弄……,34fa76a0ed5057bd2086ce656d7e4ae5,deepseek|auto|zh-CN
YuuRi Channel @,YuuRi Channel @,2641a77d007d193007af68372963c7c9,deepseek|auto|zh-CN
20 万 次 观看 . 直播 时 间 : 8 个 月 前,20万次观看。直播时间：8个月前,4803640e86579be5d0614811beac2082,deepseek|auto|zh-CN
Zk) 【ASMR/ 神 |,Zk) 【ASMR/神 |,13c5c45940201ee1c6434bfdf8c9086f,deepseek|auto|zh-CN
1 ゾク ゾク する の 奉,令人战栗的奉献,6f25ff98249778a8ffe6807b02744454,deepseek|auto|zh-CN
Vv,Vv,6a70ff4f7ce576991dfb0b7d17349948,deepseek|auto|zh-CN
"マン
DeepSeek | 深度 求 素 X | YY DeepSeck 开放 平台
| & PyQt6 导 入 高 亮 补 全 问题
ss youtube.com/watch?v=Keipwau0Vgg&t=1147s
(I
加 Youfube”
43 @ @& as
@! 神 無 優 - か ん な ゆう 1 © 2 年 前
アー カイ ブ 拝 見 致し まし た .
配信 , お 疲れ 様 で し た . YuuRi さ ん の ASMR 良 き で し た わ ・・・.
次 の 配信 も 楽し み に し て いま す .
43 Oe
@tukutukubou4 2 年 前
声 も セリ フ も 最高 で す ! それ し か 言え ませ ん ! DVIVIVY
ら z @ &
@skysktgx 2 年 前
めちゃ くち ゃ 癒さ れ ま し た ! ! ! る 07 全
547 &
@nemu_nito 1 年 前
寝れ な い 時 は これ 聞い て 寝 さ せ て も ろ て ます まぁ じ で ド S 感 謝
59 @& os
⑯ し ゅ ん けつ 竣 傑 @ 2 年 前
最高 な 配信 で し た
449 @& as
@⑯ め ん た いこ や ろ ー 1 年 前
25:13
36:45 ざこ
44:46
47:12 水 …
了 解 详情
の 35 の @& as
捜索
| 的 meee ( oa) x | 的 疯狂 地 形 生成 我 的 世界 X |
STranslate/STranslate: / x
© 【ASMR/ 神 回 3 時 間 】S- X +
atirxw
FO
所 有事 穫
【ASMR]】 你 比较 喜欢 哪 一 个 ? O
TS 被 大 姐姐 们 从 两 耳 坏 坏 地 捉弄，..
YuuRi Channel @
6.2A RMB + BMI: 3 个 月 前
【KU100 ; ASMR】 ご 低音 で ぞ く
ぞ く 耳 堕ち し ちゃ う ? し て あげ .…
AJA,
Hasuki ch. 運 希 る い @
WARIS + 直播 时 间 : 1 年 前
【ASMR/ 長 時 間 】 両 耳 か ら お ね え
さん た ち に いじ わる され ちゃ う .…
YuuRi Channel @
20 万 次 观看 . 直播 时 间 : 8 个 月 前
Zk) 【ASMR/ 神 |
1 ゾク ゾク する の 奉
Vv","慢
DeepSeek | 深度求索 | YY DeepSeek 开放平台
| & PyQt6 导入高亮补全问题
ss youtube.com/watch?v=Keipwau0Vgg&t=1147s
(我
加 YouTube”
43 @ @& as
@! 神無優 - かんなゆう © 2年前
已拜读存档。
直播辛苦了。YuuRi桑的ASMR很棒……
期待下一次直播。
43 Oe
@tukutukubou4 2年前
声音和台词都太棒了！只能说这么多了！DVIVIVY
ら z @ &
@skysktgx 2年前
被治愈得不行了！！！る 07 全
547 &
@nemu_nito 1年前
睡不着的时候就听这个入睡，真的非常感谢S桑
59 @& os
⑯ しゅんけつ竣傑 @ 2年前
最棒的直播
449 @& as
@⑯ めんたいこやろー 1年前
25:13
36:45 笨蛋
44:46
47:12 水…
了解详情
の 35 の @& as
搜索
| 的 meee ( oa) x | 的疯狂地形生成我的世界 X |
STranslate/STranslate: / x
© 【ASMR/神回3時間】S- X +
atirxw
FO
所有权
【ASMR】你比较喜欢哪一个？O
TS被大姐姐们从双耳坏坏地捉弄，..
YuuRi Channel @
6.2A RMB + BMI: 3个月前
【KU100 ; ASMR】用低音让耳朵
酥麻沉沦？让我来……
AJA,
Hasuki ch. 運希るい @
WARIS + 直播时间：1年前
【ASMR/长时间】从双耳被姐姐
们捉弄……
YuuRi Channel @
20万次观看。直播时间：8个月前
Zk) 【ASMR/神 |
令人战栗的奉献
Vv",465878e11c960be53b0e16ad80ca1e94,deepseek|auto|zh-CN
Deeps | ぐ DeepS | & Deeps |,Deeps | ぐ DeepS | & Deeps |,cb00aa751fbe0b73d887e3b9cb0bdbc3,deepseek|auto|zh-CN
模型 8 Ware | OWE | 疏 国内 大 moe | 的 疯狂 地 | © Srans OL x G deeps | A 火山 引 | Ah Seeda | A eB | Uk REE | 全 ASMR | +,模型 8 Ware | OWE | 疏 国内 大 moe | 的 疯狂 地 | © Srans OL x G deeps | A 火山 引 | Ah Seeda | A eB | Uk REE | 全 ASMR | +,5c061a8fca663ba75433ea160d55327b,deepseek|auto|zh-CN
oo,oo,e47ca7a09cf6781e29634502345930a7,deepseek|auto|zh-CN
xX,xX,e6ad754a252e662ebcc2e8fd932502a3,deepseek|auto|zh-CN
ss youtube.com/watch?v=Keipwau0Vgg&t=1147s,ss youtube.com/watch?v=Keipwau0Vgg&t=1147s,970773a4555dc77148527120bc99ce84,deepseek|auto|zh-CN
& & 六,& & 六,b3580bfdd3458dc8ac2d16388fa11c8d,deepseek|auto|zh-CN
os,os,dd302f94682dbd2a114d63b0433602e0,deepseek|auto|zh-CN
(m),(m),2491378d33154a96a2c9af449897f8b5,deepseek|auto|zh-CN
[所有 等,[所有 等,8cdbe37ce6ad5fb1548d8028f76bc89e,deepseek|auto|zh-CN
13 万 次 观看 “ 直播 时 间 : 7 个 月 前,13 万 次 观看 “ 直播 时 间 : 7 个 月 前,991a6eb9a7fadad6b3c4f44b108f114a,deepseek|auto|zh-CN
@oulube *,@oulube *,3cc103fa87407cd141afe613c3a7e7c6,deepseek|auto|zh-CN
搜索,搜索,e5f71fc31e7246dd6ccc5539570471b0,deepseek|auto|zh-CN
@⑯ ば っ つ ぷ ー る 2 年 前,@⑯ ば っ つ ぷ ー る 2 年 前,6eecb563a6b11b023c23a31ac263fd71,deepseek|auto|zh-CN
と に か く 最 高 で し た 。 あ り が と う ご ざ いま す !,と に か く 最 高 で し た 。 あ り が と う ご ざ いま す !,93877996f82617e4a98a75e2e752b6ca,deepseek|auto|zh-CN
os @ @& os,os @ @& os,0d33f3ed0e3e0ccb112a56bb8505a6e3,deepseek|auto|zh-CN
@⑯ ツ ー ウ ェ イ 1207 2 年 前,@⑯ ツ ー ウ ェ イ 1207 2 年 前,9a17c12add09b0d8f71aac1c871390e4,deepseek|auto|zh-CN
【 実 写 Ver】99.99% 眠 く な る,【 実 写 Ver】99.99% 眠 く な る,8a96717d120d3ef4b056a7a9c1d0a268,deepseek|auto|zh-CN
配信 お 疲れ 様 で す !,配信 お 疲れ 様 で す !,f80aa17f460dd9e114e07a93686c33e4,deepseek|auto|zh-CN
ASMR280 分 耐久 耳 は .…,ASMR280 分 耐久 耳 は .…,cae58ce3b77b2c1ff78fa3cd1e21a909,deepseek|auto|zh-CN
Otonashi Kurumi Archives 1 @,Otonashi Kurumi Archives 1 @,ce5407fd2a60dcf5f8fab4a597449eb9,deepseek|auto|zh-CN
429 @& as,429 @& as,ceb1518663ed55ee39f0a844a7ece8b3,deepseek|auto|zh-CN
129 万 次 观看 ， 1 年 前,129 万 次 观看 ， 1 年 前,9a4e60a494f22fa9edd1aae03af57a1d,deepseek|auto|zh-CN
OIE © 2 年 前,OIE © 2 年 前,1074bfc28406a9ceaf2ced092c2c6e10,deepseek|auto|zh-CN
ASS RUT LEO,ASS RUT LEO,54ea5cc96888b1088593cf1ae1e315ee,deepseek|auto|zh-CN
"RSHS, AEATOFOMMSAMT. MENSOCMBICRERELELES","RSHS, AEATOFOMMSAMT. MENSOCMBICRERELELES",7af3004d9003da280649a1d9a42ca949,deepseek|auto|zh-CN
649 @ os,649 @ os,69bd83b95ece0071f907583886e21ec1,deepseek|auto|zh-CN
【ASMR/ 長 時 間 】 米 味 和 S 説 教 太,【ASMR/ 長 時 間 】 米 味 和 S 説 教 太,7d92365dadb5190b3c3fe347cb79ccce,deepseek|auto|zh-CN
Ty ...OBS? O 睡眠 導入 / 耳 語 /.…,Ty ...OBS? O 睡眠 導入 / 耳 語 /.…,141391f308ab8b621724740168fa127a,deepseek|auto|zh-CN
YuuRi Channel @,YuuRi Channel @,2641a77d007d193007af68372963c7c9,deepseek|auto|zh-CN
@ 吉 原 律 稀 2 年 前,@ 吉 原 律 稀 2 年 前,2730eea49f0a40dcbc77594c77d9b9c6,deepseek|auto|zh-CN
15 万 次 观看 “ 直播 时 间 : 3 年 前,15 万 次 观看 “ 直播 时 间 : 3 年 前,ec84592eac8763a0e3259e175b0ff290,deepseek|auto|zh-CN
今回 も 最高 で し た &,今回 も 最高 で し た &,7ccf8ca26dc08a0ee5924533e010bd9a,deepseek|auto|zh-CN
629,629,051e4e127b92f5d98d3c79b195f2b291,deepseek|auto|zh-CN
as,as,f970e2767d0cfe75876ea857f92e319b,deepseek|auto|zh-CN
@EROAT ?年 前,@EROAT ?年 前,643042408bfcdb8ea11226959f008a90,deepseek|auto|zh-CN
"vv""",vv\,b6c32bfe3aa754360159044c6dd89cb9,deepseek|auto|zh-CN
629,629,051e4e127b92f5d98d3c79b195f2b291,deepseek|auto|zh-CN
as,as,f970e2767d0cfe75876ea857f92e319b,deepseek|auto|zh-CN
男 の 娘 が 部 屋 着 で 耳かき ょ オノ マト,男 の 娘 が 部 屋 着 で 耳かき ょ オノ マト,3476888d0e5f4fb94b6b4a70ef089e67,deepseek|auto|zh-CN
ぺ と か いろ ん な 音 も や っ た .,ぺ と か いろ ん な 音 も や っ た .,de490e2abfb612e80e6704c0679959de,deepseek|auto|zh-CN
り る -riru,り る -riru,94192bf5c9065e7274de2e011ce1902e,deepseek|auto|zh-CN
"1.7 万 次 观看 ""13 天 前",1.7 万 次 观看 \,7814ffe9e6f293775e489331efa2ad30,deepseek|auto|zh-CN
@Paberu-p8e 息 2 年 前,@Paberu-p8e 息 2 年 前,18e15fee28ba0058368ed15671f5a0cf,deepseek|auto|zh-CN
2:55:23 心音,2:55:23 心音,4b8748f90fc55cf681b1f1a71b236816,deepseek|auto|zh-CN
429 @& os,429 @& os,1ade68df11bcf5ec87e58eb160813876,deepseek|auto|zh-CN
【ASMR/ 長 時 間 】 圧 倒 的 リア ル な,【ASMR/ 長 時 間 】 圧 倒 的 リア ル な,f9c03c3606d2dfb238a45a2a73be0b12,deepseek|auto|zh-CN
吐息 .…⑦② ほ ら 、 す ご い 近 いね ざ 睡 .…,吐息 .…⑦② ほ ら 、 す ご い 近 いね ざ 睡 .…,a3b991bda3671a16ff6a3b033dd92acc,deepseek|auto|zh-CN
YuuRi Channel @,YuuRi Channel @,2641a77d007d193007af68372963c7c9,deepseek|auto|zh-CN
3.9 万 次 观看 直播 时 间 : 2 年 前,3.9 万 次 观看 直播 时 间 : 2 年 前,fbd1a9c72fa17454cf8f44647ec990cf,deepseek|auto|zh-CN
@ 庶 影 纪 2 年 前,@ 庶 影 纪 2 年 前,e911eb38ff4ed85680ceec0d321afc09,deepseek|auto|zh-CN
期待 許 久,期待 許 久,daa8d689dcfc7bf04731d2a5ef15cf06,deepseek|auto|zh-CN
翻译 成 日 语,翻译 成 日 语,33cfec192551099afa930767e16217c5,deepseek|auto|zh-CN
43 9 @& os,43 9 @& os,00e7a41884f2463a9b9dc18929323c44,deepseek|auto|zh-CN
&@ 6 の,&@ 6 の,774fa6db17248874626f5266b804c0c6,deepseek|auto|zh-CN
"Deeps | ぐ DeepS | & Deeps |
模型 8 Ware | OWE | 疏 国内 大 moe | 的 疯狂 地 | © Srans OL x G deeps | A 火山 引 | Ah Seeda | A eB | Uk REE | 全 ASMR | +
oo
xX
ss youtube.com/watch?v=Keipwau0Vgg&t=1147s
& & 六
os
(m)
[所有 等
13 万 次 观看 “ 直播 时 间 : 7 个 月 前
@oulube *
搜索
@⑯ ば っ つ ぷ ー る 2 年 前
と に か く 最 高 で し た 。 あ り が と う ご ざ いま す !
os @ @& os
@⑯ ツ ー ウ ェ イ 1207 2 年 前
【 実 写 Ver】99.99% 眠 く な る
配信 お 疲れ 様 で す !
ASMR280 分 耐久 耳 は .…
Otonashi Kurumi Archives 1 @
429 @& as
129 万 次 观看 ， 1 年 前
OIE © 2 年 前
ASS RUT LEO
RSHS, AEATOFOMMSAMT. MENSOCMBICRERELELES
649 @ os
【ASMR/ 長 時 間 】 米 味 和 S 説 教 太
Ty ...OBS? O 睡眠 導入 / 耳 語 /.…
YuuRi Channel @
@ 吉 原 律 稀 2 年 前
15 万 次 观看 “ 直播 时 间 : 3 年 前
今回 も 最高 で し た &
629
as
@EROAT ?年 前
vv""
629
as
男 の 娘 が 部 屋 着 で 耳かき ょ オノ マト
ぺ と か いろ ん な 音 も や っ た .
り る -riru
1.7 万 次 观看 ""13 天 前
@Paberu-p8e 息 2 年 前
2:55:23 心音
429 @& os
【ASMR/ 長 時 間 】 圧 倒 的 リア ル な
吐息 .…⑦② ほ ら 、 す ご い 近 いね ざ 睡 .…
YuuRi Channel @
3.9 万 次 观看 直播 时 间 : 2 年 前
@ 庶 影 纪 2 年 前
期待 許 久
翻译 成 日 语
43 9 @& os
&@ 6 の","Deeps | ぐ DeepS | & Deeps |
模型 8 Ware | OWE | 疏 国内 大 moe | 的 疯狂 地 | © Srans OL x G deeps | A 火山 引 | Ah Seeda | A eB | Uk REE | 全 ASMR | +
oo
xX
ss youtube.com/watch?v=Keipwau0Vgg&t=1147s
& & 六
os
(m)
[所有 等
13 万 次 观看 “ 直播 时 间 : 7 个 月 前
@oulube *
搜索
@⑯ ば っ つ ぷ ー る 2 年 前
と に か く 最 高 で し た 。 あ り が と う ご ざ いま す !
os @ @& os
@⑯ ツ ー ウ ェ イ 1207 2 年 前
【 実 写 Ver】99.99% 眠 く な る
配信 お 疲れ 様 で す !
ASMR280 分 耐久 耳 は .…
Otonashi Kurumi Archives 1 @
429 @& as
129 万 次 观看 ， 1 年 前
OIE © 2 年 前
ASS RUT LEO
RSHS, AEATOFOMMSAMT. MENSOCMBICRERELELES
649 @ os
【ASMR/ 長 時 間 】 米 味 和 S 説 教 太
Ty ...OBS? O 睡眠 導入 / 耳 語 /.…
YuuRi Channel @
@ 吉 原 律 稀 2 年 前
15 万 次 观看 “ 直播 时 间 : 3 年 前
今回 も 最高 で し た &
629
as
@EROAT ?年 前
vv\
629
as
男 の 娘 が 部 屋 着 で 耳かき ょ オノ マト
ぺ と か いろ ん な 音 も や っ た .
り る -riru
1.7 万 次 观看 \
@Paberu-p8e 息 2 年 前
2:55:23 心音
429 @& os
【ASMR/ 長 時 間 】 圧 倒 的 リア ル な
吐息 .…⑦② ほ ら 、 す ご い 近 いね ざ 睡 .…
YuuRi Channel @
3.9 万 次 观看 直播 时 间 : 2 年 前
@ 庶 影 纪 2 年 前
期待 許 久
翻译 成 日 语
43 9 @& os
&@ 6 の",439b40a69bef60ce5a684bc59201cd40,deepseek|auto|zh-CN
030干,030干,a606faf04112666a8268970498775fff,GoogleTranslator|auto|zh-CN
0 PyQt6安装频道问题解决,0 PyQt6安装频道问题解决,850123c354f7f63047d557819eba6934,GoogleTranslator|auto|zh-CN
DeepSeek 开放平台 DeepSeek升放平台,DeepSeek 开放平台 DeepSeek升放平台,51caf84866732d640c4593476729c020,GoogleTranslator|auto|zh-CN
[AoiHinamori] 【AoiHinamori】,[葵雏森] 【葵雏森】,da4eb210ce8a56cf3ee9df058a2e6b0b,GoogleTranslator|auto|zh-CN
[ asmr $-哔哩哔哩 bilibili,[ asmr $-哔哩哔哩 bilibili,5d96183b389a3d75602320da602efc87,GoogleTranslator|auto|zh-CN
DeepSeek DeepSeek 深度求索 深度求索,DeepSeek DeepSeek 深度求索 深度求索,7f99fac64269172ac2918acab8f66206,GoogleTranslator|auto|zh-CN
youtube.com/watch?v=kpGo4glcK4l youtubecomlwatch?v-kpGo4glcK4l,youtube.com/watch?v=kpGo4glcK4l youtubecomlwatch?v-kpGo4glcK4l,920a6964582250bf79961440c01ba8e9,GoogleTranslator|auto|zh-CN
所有书签,所有书签,873fd3461fe7089f6410a3cf7fae269c,GoogleTranslator|auto|zh-CN
器 昭,器 昭,fcaa9142c90bebdb8be687ac61b87703,GoogleTranslator|auto|zh-CN
搜索,搜索,e5f71fc31e7246dd6ccc5539570471b0,GoogleTranslator|auto|zh-CN
m〉,m〉,07aab57cf783cbc1500dc05012934188,GoogleTranslator|auto|zh-CN
C 众 @,C 众 @,fe276448cc8ae1ed4ef33b140c8838d4,GoogleTranslator|auto|zh-CN
创建,创建,d9ac9228e8564657bbe9ca5359f95806,GoogleTranslator|auto|zh-CN
X X,X X,648f1dca9a63c6061eeba0dc6f7ce032,GoogleTranslator|auto|zh-CN
0 0,0 0,c686fcb6378af86c90d67e929da5c081,GoogleTranslator|auto|zh-CN
【ASMRノ長時間】 圧倒郎,[ASMR长时间] 压倒性,59b355d856eb1078f8d058ae26b4192e,GoogleTranslator|auto|zh-CN
Voulube IYouTube TW TW,Voulube YouTube TW TW,a5251ec230a2af31c333fdd62cf4aa05,GoogleTranslator|auto|zh-CN
KUIO1.22.17,KUIO1.22.17,9f3e86e4d95e07803c8cf069255bd11e,GoogleTranslator|auto|zh-CN
1.6万次观看 1.6万次双看 6夭前,1.6万次观看 1.6万次双看 6夭前,109b8e6f29ecaaa5d9177285e00e433c,GoogleTranslator|auto|zh-CN
最新 最新,最新 最新,bdc38a352abc3dd785dd452776e23122,GoogleTranslator|auto|zh-CN
匕力 とか,力量或者类似的东西,213b042a7a5f9177058a14c292b3edf1,GoogleTranslator|auto|zh-CN
回复 回夏,回复 回夏,4b59475050c0a5d6ebe6b983999594d2,GoogleTranslator|auto|zh-CN
男の娘が可愛い水色の服で耳かき」,一个男孩的女儿穿着一件可爱的浅蓝色连衣裙，挖着耳朵。”,7dd959b4a3e759496a38c57269a2d2ab,GoogleTranslator|auto|zh-CN
@FreyjaWion 3年前 @FreyjaWion 3年前,@FreyjaWion 3 年前 @FreyjaWion 3 年前,3cbc553b90d7a1cd9a61c9db72371ec6,GoogleTranslator|auto|zh-CN
りる-riru,瑞鲁瑞鲁,85640ff127d5b3d8d3afa064a5ea8b81,GoogleTranslator|auto|zh-CN
ASMR配信ありがとう,感谢您分享 ASMR,221623f354b812e7e04b438ff066b080,GoogleTranslator|auto|zh-CN
ASMR,ASMR,5f61baeb77f7a49f0b99989a1eec03bd,GoogleTranslator|auto|zh-CN
57.50 57.50,57.50 57.50,12c15eaab1d0609295eafd560c7fbd60,GoogleTranslator|auto|zh-CN
@にーとく 3年前,@Neatoku 3年前,52384a07f392739bdb0ec9e2026e751c,GoogleTranslator|auto|zh-CN
旧衣装カワイイヤッタ-!,旧衣服好可爱啊！,256cfaabca96254deac4b2ececfc450d,GoogleTranslator|auto|zh-CN
凸 5 C,凸 5 C,9b640ba9920412c4059141ce2ae8e5e5,GoogleTranslator|auto|zh-CN
【ASMRノ長時間】 ママみと吐息が,[ASMR好久]妈咪又叹气,dccbfecdb50e6e8dcabac0249139197a,GoogleTranslator|auto|zh-CN
Deep Sleep Deep Sleep,深度睡眠 深度睡眠,366af67ab3b33c946ce7b2925e18db44,GoogleTranslator|auto|zh-CN
14万次观看 14万次双看 直播时间: 3年前,14万次观看 14万次双看 直播时间: 3年前,d7329f018828da96a43012735d9e3281,GoogleTranslator|auto|zh-CN
たまらないっ ・君を全芦定で包,这是不可抗拒的。我会用我所有的衣服包裹你。,600c9a18eae84ccf72784b53de4babbf,GoogleTranslator|auto|zh-CN
@Deadzipper 3年前 @Deadzipper3年前,@Deadzipper 3 年前 @Deadzipper3 年前,7e6392414a28cffc16fce92d362d670c,GoogleTranslator|auto|zh-CN
翻译成日语,翻译成日语,8e238d269ba03da5a25f0dc602edf5e9,GoogleTranslator|auto|zh-CN
YUURi Channel YuuRi Channel,YUURi 频道 YuuRi 频道,538f6dbe50e6c582586539214ff5c148,GoogleTranslator|auto|zh-CN
Whisper Voice Whisper Voice,耳语声音 耳语声音,8139ddbd73843cb4e9d7237db525bf12,GoogleTranslator|auto|zh-CN
@skysktgx 3年前 @skysktgx3年前,@skysktgx 3年前 @skysktgx3年前,e03adc19f56506b503767f302971250c,GoogleTranslator|auto|zh-CN
"Thank you for the ASMR stream, YuuRil Thankyouforthe ASMRstream YuuRil fellasleep halfwaythroughitand woke up fortheendおやすみ",谢谢你的 ASMR 直播，YuuRil 谢谢你的 ASMR 直播 YuuRil 中途睡着了，最后醒来了おやすみ,a7073482e8df80c2630be82ea6e63962,GoogleTranslator|auto|zh-CN
3:17.31 3.17.31,3:17.31 3.17.31,a5004700a1a78f70b19bed4249fb41c2,GoogleTranslator|auto|zh-CN
Ear Pick Ear Pick,挖耳勺 挖耳勺,d46d65c00de07990faa733b033bb6cb3,GoogleTranslator|auto|zh-CN
4.6万次观看 46万次双看 直播时间: 5个月前,4.6万次观看 46万次双看 直播时间: 5个月前,7a9bb0e0bbe7408378eb92ee78f5dfc0,GoogleTranslator|auto|zh-CN
よっわあの,好吧，就是这样。,56da09ce470be08ba0a64e4981876cd9,GoogleTranslator|auto|zh-CN
【ASMR神回】 ゾクゾクするの禁,【ASMR神篇】别着凉,def868ffcdb74f1627841e063a884a06,GoogleTranslator|auto|zh-CN
@maecchi486g @maecchi486g 3年前 3年前,@maecchi486g @maecchi486g 3年前 3年前,12bd67c0979e1ce61f00c77790ed601c,GoogleTranslator|auto|zh-CN
19.15 19.15,19.15 19.15,0e8fd3bbe24931e999ae1cd7695d251e,GoogleTranslator|auto|zh-CN
ni,在,e6c151d449e1db05b1ffb5ad5ec656cf,GoogleTranslator|auto|zh-CN
お疾れ様でした!,祝你好运！,0f824132a55020f5372bde3c5a25f4a1,GoogleTranslator|auto|zh-CN
3年前 3年前,3年前 3年前,94ded20484f4f8816b607cc6eb3dbaaa,GoogleTranslator|auto|zh-CN
中途离开,中途离开,92e1eaccf2fd12b64c9bb319438837f2,GoogleTranslator|auto|zh-CN
就输了唷0 你忍得住这个吗?,就输了唷0 你忍得住这个吗?,773dfbf400f3e866e3a12f0c5606cc52,GoogleTranslator|auto|zh-CN
2:04:07 2.04.07,2:04:07 2007 年 4 月 2 日,112cdf4c87cfcbacde0e5d1ebbf824c5,GoogleTranslator|auto|zh-CN
YuuRi Channel YuuRi Channel,勇利频道 勇利频道,9a66ce40dc449087540e77daded918e3,GoogleTranslator|auto|zh-CN
[ASMR] 【ASMR】,[ASMR] 【ASMR】,cdd0f4ce01cb6509cca88e776df67714,GoogleTranslator|auto|zh-CN
回复 回夏,回复 回夏,4b59475050c0a5d6ebe6b983999594d2,GoogleTranslator|auto|zh-CN
6万次观看 6万次双看 直播时间: &夭前,6万次观看 6万次双看 直播时间: &夭前,36d867bb50131d0e36d567e864f8809f,GoogleTranslator|auto|zh-CN
凸 1 四 1 G,凸 1 四 1 G,dceff4db80306a97cd4c09cee785ee8d,GoogleTranslator|auto|zh-CN
YuuRi Channel YuuRi Channel,勇利频道 勇利频道,9a66ce40dc449087540e77daded918e3,GoogleTranslator|auto|zh-CN
10 10 C,10 10℃,ea0290855e7e320b2cc6f1c3f1f35f87,GoogleTranslator|auto|zh-CN
@Yerow12 3年前 @Yerow123年前,@Yerow12 3年前 @Yerow123年前,d648885be0faf3b5eb15481d5ba85ca7,GoogleTranslator|auto|zh-CN
KS ドS,KS 多 S,02e1b532ae7a8212f131c2d52629bb81,GoogleTranslator|auto|zh-CN
1:12:51 1.12.51,1:12:51 1.12.51,1cdd89c294fe2e4640a40bc6b69bbea7,GoogleTranslator|auto|zh-CN
配信お疾れ様でした,感谢您的快速交货,4ddd78ec5dbeea26a610f1098755a9f3,GoogleTranslator|auto|zh-CN
ASMR ASMR 4KIASMR 4KIASMR Sleepin Minutes Sleepin Minutes,ASMR ASMR 4KIASMR 4KIASMR 睡眠分钟 睡眠分钟,25fdeaa7ce220eb93e215b05ea862849,GoogleTranslator|auto|zh-CN
Nice Nice,尼斯 尼斯,e65f0e9b2d742954de4eaf83bf0d0db2,GoogleTranslator|auto|zh-CN
"DeepSeek DeepSeek 深度求索 深度求索
DeepSeek 开放平台 DeepSeek升放平台
0 PyQt6安装频道问题解决
030干
[ asmr $-哔哩哔哩 bilibili
[AoiHinamori] 【AoiHinamori】
【ASMRノ長時間】 圧倒郎
X X
youtube.com/watch?v=kpGo4glcK4l youtubecomlwatch?v-kpGo4glcK4l
C 众 @
m〉
器 昭
所有书签
Voulube IYouTube TW TW
搜索
0 0
创建
KUIO1.22.17
男の娘が可愛い水色の服で耳かき」
@FreyjaWion 3年前 @FreyjaWion 3年前
匕力 とか
ASMR配信ありがとう
りる-riru
1.6万次观看 1.6万次双看 6夭前
回复 回夏
最新 最新
@にーとく 3年前
旧衣装カワイイヤッタ-!
57.50 57.50
凸 5 C
ASMR
【ASMRノ長時間】 ママみと吐息が
たまらないっ ・君を全芦定で包
@Deadzipper 3年前 @Deadzipper3年前
Deep Sleep Deep Sleep
YUURi Channel YuuRi Channel
Thank you for the ASMR stream, YuuRil Thankyouforthe ASMRstream YuuRil fellasleep halfwaythroughitand woke up fortheendおやすみ
Ear Pick Ear Pick
14万次观看 14万次双看 直播时间: 3年前
Whisper Voice Whisper Voice
翻译成日语
3:17.31 3.17.31
@skysktgx 3年前 @skysktgx3年前
よっわあの
【ASMR神回】 ゾクゾクするの禁
お疾れ様でした!
YuuRi Channel YuuRi Channel
4.6万次观看 46万次双看 直播时间: 5个月前
@maecchi486g @maecchi486g 3年前 3年前
19.15 19.15
ni
2:04:07 2.04.07
10 10 C
[ASMR] 【ASMR】
中途离开
就输了唷0 你忍得住这个吗?
3年前 3年前
KS ドS
YuuRi Channel YuuRi Channel
配信お疾れ様でした
6万次观看 6万次双看 直播时间: &夭前
凸 1 四 1 G
回复 回夏
@Yerow12 3年前 @Yerow123年前
1:12:51 1.12.51
Nice Nice
ASMR ASMR 4KIASMR 4KIASMR Sleepin Minutes Sleepin Minutes","DeepSeek DeepSeek 深度求索 深度求索
DeepSeek 开放平台 DeepSeek升放平台
0 PyQt6安装频道问题解决
030干
[ asmr $-哔哩哔哩 bilibili
[葵雏森] 【葵雏森】
[ASMR长时间] 压倒性
X X
youtube.com/watch?v=kpGo4glcK4l youtubecomlwatch?v-kpGo4glcK4l
C 众 @
m〉
器 昭
所有书签
Voulube YouTube TW TW
搜索
0 0
创建
KUIO1.22.17
一个男孩的女儿穿着一件可爱的浅蓝色连衣裙，挖着耳朵。”
@FreyjaWion 3 年前 @FreyjaWion 3 年前
力量或者类似的东西
感谢您分享 ASMR
瑞鲁瑞鲁
1.6万次观看 1.6万次双看 6夭前
回复 回夏
最新 最新
@Neatoku 3年前
旧衣服好可爱啊！
57.50 57.50
凸 5 C
ASMR
[ASMR好久]妈咪又叹气
这是不可抗拒的。我会用我所有的衣服包裹你。
@Deadzipper 3 年前 @Deadzipper3 年前
深度睡眠 深度睡眠
YUURi 频道 YuuRi 频道
谢谢你的 ASMR 直播，YuuRil 谢谢你的 ASMR 直播 YuuRil 中途睡着了，最后醒来了おやすみ
挖耳勺 挖耳勺
14万次观看 14万次双看 直播时间: 3年前
耳语声音 耳语声音
翻译成日语
3:17.31 3.17.31
@skysktgx 3年前 @skysktgx3年前
好吧，就是这样。
【ASMR神篇】别着凉
祝你好运！
勇利频道 勇利频道
4.6万次观看 46万次双看 直播时间: 5个月前
@maecchi486g @maecchi486g 3年前 3年前
19.15 19.15
在
2:04:07 2007 年 4 月 2 日
10 10℃
[ASMR] 【ASMR】
中途离开
就输了唷0 你忍得住这个吗?
3年前 3年前
KS 多 S
勇利频道 勇利频道
感谢您的快速交货
6万次观看 6万次双看 直播时间: &夭前
凸 1 四 1 G
回复 回夏
@Yerow12 3年前 @Yerow123年前
1:12:51 1.12.51
尼斯 尼斯
ASMR ASMR 4KIASMR 4KIASMR 睡眠分钟 睡眠分钟",53c0a8dd4416db9fb7e943c5fb0bd3da,GoogleTranslator|auto|zh-CN
DeepSeek DeepSeek 深度求索 深度求索,DeepSeek DeepSeek 深度求索 深度求索,7f99fac64269172ac2918acab8f66206,deepseek|auto|zh-CN
DeepSeek 开放平台 DeepSeek升放平台,DeepSeek 开放平台 DeepSeek开放平台,51caf84866732d640c4593476729c020,deepseek|auto|zh-CN
0 PyQt6安装频道问题解决,0 PyQt6安装频道问题解决,850123c354f7f63047d557819eba6934,deepseek|auto|zh-CN
030干,030干,a606faf04112666a8268970498775fff,deepseek|auto|zh-CN
[ asmr $-哔哩哔哩 bilibili,[ asmr $-哔哩哔哩 bilibili,5d96183b389a3d75602320da602efc87,deepseek|auto|zh-CN
[AoiHinamori] 【AoiHinamori】,[AoiHinamori] 【AoiHinamori】,da4eb210ce8a56cf3ee9df058a2e6b0b,deepseek|auto|zh-CN
【ASMRノ長時間】 圧倒郎,【ASMR长时间】 压倒郎,59b355d856eb1078f8d058ae26b4192e,deepseek|auto|zh-CN
X X,X X,648f1dca9a63c6061eeba0dc6f7ce032,deepseek|auto|zh-CN
youtube.com/watch?v=kpGo4glcK4l youtubecomlwatch?v-kpGo4glcK4l,youtube.com/watch?v=kpGo4glcK4l youtube.com/watch?v=kpGo4glcK4l,920a6964582250bf79961440c01ba8e9,deepseek|auto|zh-CN
C 众 @,C 众 @,fe276448cc8ae1ed4ef33b140c8838d4,deepseek|auto|zh-CN
m〉,m〉,07aab57cf783cbc1500dc05012934188,deepseek|auto|zh-CN
器 昭,器 昭,fcaa9142c90bebdb8be687ac61b87703,deepseek|auto|zh-CN
所有书签,所有书签,873fd3461fe7089f6410a3cf7fae269c,deepseek|auto|zh-CN
Voulube IYouTube TW TW,YouTube YouTube TW TW,a5251ec230a2af31c333fdd62cf4aa05,deepseek|auto|zh-CN
搜索,搜索,e5f71fc31e7246dd6ccc5539570471b0,deepseek|auto|zh-CN
0 0,0 0,c686fcb6378af86c90d67e929da5c081,deepseek|auto|zh-CN
创建,创建,d9ac9228e8564657bbe9ca5359f95806,deepseek|auto|zh-CN
KUIO1.22.17,KUIO1.22.17,9f3e86e4d95e07803c8cf069255bd11e,deepseek|auto|zh-CN
男の娘が可愛い水色の服で耳かき」,可爱的男孩子穿着可爱的水色衣服掏耳朵,7dd959b4a3e759496a38c57269a2d2ab,deepseek|auto|zh-CN
@FreyjaWion 3年前 @FreyjaWion 3年前,@FreyjaWion 3年前 @FreyjaWion 3年前,3cbc553b90d7a1cd9a61c9db72371ec6,deepseek|auto|zh-CN
匕力 とか,力量 之类的,213b042a7a5f9177058a14c292b3edf1,deepseek|auto|zh-CN
ASMR配信ありがとう,感谢ASMR直播,221623f354b812e7e04b438ff066b080,deepseek|auto|zh-CN
りる-riru,riru-riru,85640ff127d5b3d8d3afa064a5ea8b81,deepseek|auto|zh-CN
1.6万次观看 1.6万次双看 6夭前,1.6万次观看 1.6万次观看 6天前,109b8e6f29ecaaa5d9177285e00e433c,deepseek|auto|zh-CN
回复 回夏,回复 回复,4b59475050c0a5d6ebe6b983999594d2,deepseek|auto|zh-CN
最新 最新,最新 最新,bdc38a352abc3dd785dd452776e23122,deepseek|auto|zh-CN
@にーとく 3年前,@にーとく 3年前,52384a07f392739bdb0ec9e2026e751c,deepseek|auto|zh-CN
旧衣装カワイイヤッタ-!,旧衣服可爱呀-！,256cfaabca96254deac4b2ececfc450d,deepseek|auto|zh-CN
57.50 57.50,57.50 57.50,12c15eaab1d0609295eafd560c7fbd60,deepseek|auto|zh-CN
凸 5 C,凸 5 C,9b640ba9920412c4059141ce2ae8e5e5,deepseek|auto|zh-CN
ASMR,ASMR,5f61baeb77f7a49f0b99989a1eec03bd,deepseek|auto|zh-CN
【ASMRノ長時間】 ママみと吐息が,【ASMR长时间】 妈妈的感觉和呼吸声,dccbfecdb50e6e8dcabac0249139197a,deepseek|auto|zh-CN
たまらないっ ・君を全芦定で包,让人受不了 ・用全芦定包裹你,600c9a18eae84ccf72784b53de4babbf,deepseek|auto|zh-CN
@Deadzipper 3年前 @Deadzipper3年前,@Deadzipper 3年前 @Deadzipper 3年前,7e6392414a28cffc16fce92d362d670c,deepseek|auto|zh-CN
Deep Sleep Deep Sleep,Deep Sleep Deep Sleep,366af67ab3b33c946ce7b2925e18db44,deepseek|auto|zh-CN
YUURi Channel YuuRi Channel,YUURi Channel YuuRi Channel,538f6dbe50e6c582586539214ff5c148,deepseek|auto|zh-CN
"Thank you for the ASMR stream, YuuRil Thankyouforthe ASMRstream YuuRil fellasleep halfwaythroughitand woke up fortheendおやすみ",感谢你的ASMR直播，YuuRi！感谢你的ASMR直播，YuuRi！我中途睡着了，醒来时正好结束，晚安,a7073482e8df80c2630be82ea6e63962,deepseek|auto|zh-CN
Ear Pick Ear Pick,Ear Pick Ear Pick,d46d65c00de07990faa733b033bb6cb3,deepseek|auto|zh-CN
14万次观看 14万次双看 直播时间: 3年前,14万次观看 14万次观看 直播时间: 3年前,d7329f018828da96a43012735d9e3281,deepseek|auto|zh-CN
Whisper Voice Whisper Voice,Whisper Voice Whisper Voice,8139ddbd73843cb4e9d7237db525bf12,deepseek|auto|zh-CN
翻译成日语,翻译成日语,8e238d269ba03da5a25f0dc602edf5e9,deepseek|auto|zh-CN
3:17.31 3.17.31,3:17.31 3:17.31,a5004700a1a78f70b19bed4249fb41c2,deepseek|auto|zh-CN
@skysktgx 3年前 @skysktgx3年前,@skysktgx 3年前 @skysktgx 3年前,e03adc19f56506b503767f302971250c,deepseek|auto|zh-CN
よっわあの,哟哇啊,56da09ce470be08ba0a64e4981876cd9,deepseek|auto|zh-CN
【ASMR神回】 ゾクゾクするの禁,【ASMR神回】 让人毛骨悚然的禁,def868ffcdb74f1627841e063a884a06,deepseek|auto|zh-CN
お疾れ様でした!,辛苦了！,0f824132a55020f5372bde3c5a25f4a1,deepseek|auto|zh-CN
YuuRi Channel YuuRi Channel,YuuRi Channel YuuRi Channel,9a66ce40dc449087540e77daded918e3,deepseek|auto|zh-CN
4.6万次观看 46万次双看 直播时间: 5个月前,4.6万次观看 4.6万次观看 直播时间: 5个月前,7a9bb0e0bbe7408378eb92ee78f5dfc0,deepseek|auto|zh-CN
@maecchi486g @maecchi486g 3年前 3年前,@maecchi486g @maecchi486g 3年前 3年前,12bd67c0979e1ce61f00c77790ed601c,deepseek|auto|zh-CN
19.15 19.15,19.15 19.15,0e8fd3bbe24931e999ae1cd7695d251e,deepseek|auto|zh-CN
ni,ni,e6c151d449e1db05b1ffb5ad5ec656cf,deepseek|auto|zh-CN
2:04:07 2.04.07,2:04:07 2:04:07,112cdf4c87cfcbacde0e5d1ebbf824c5,deepseek|auto|zh-CN
10 10 C,10 10 C,ea0290855e7e320b2cc6f1c3f1f35f87,deepseek|auto|zh-CN
[ASMR] 【ASMR】,[ASMR] 【ASMR】,cdd0f4ce01cb6509cca88e776df67714,deepseek|auto|zh-CN
中途离开,中途离开,92e1eaccf2fd12b64c9bb319438837f2,deepseek|auto|zh-CN
就输了唷0 你忍得住这个吗?,就输了哦0 你忍得住这个吗？,773dfbf400f3e866e3a12f0c5606cc52,deepseek|auto|zh-CN
3年前 3年前,3年前 3年前,94ded20484f4f8816b607cc6eb3dbaaa,deepseek|auto|zh-CN
KS ドS,KS 抖S,02e1b532ae7a8212f131c2d52629bb81,deepseek|auto|zh-CN
YuuRi Channel YuuRi Channel,YuuRi Channel YuuRi Channel,9a66ce40dc449087540e77daded918e3,deepseek|auto|zh-CN
配信お疾れ様でした,直播辛苦了,4ddd78ec5dbeea26a610f1098755a9f3,deepseek|auto|zh-CN
6万次观看 6万次双看 直播时间: &夭前,6万次观看 6万次观看 直播时间: &天前,36d867bb50131d0e36d567e864f8809f,deepseek|auto|zh-CN
凸 1 四 1 G,凸 1 四 1 G,dceff4db80306a97cd4c09cee785ee8d,deepseek|auto|zh-CN
回复 回夏,回复 回复,4b59475050c0a5d6ebe6b983999594d2,deepseek|auto|zh-CN
@Yerow12 3年前 @Yerow123年前,@Yerow12 3年前 @Yerow12 3年前,d648885be0faf3b5eb15481d5ba85ca7,deepseek|auto|zh-CN
1:12:51 1.12.51,1:12:51 1:12:51,1cdd89c294fe2e4640a40bc6b69bbea7,deepseek|auto|zh-CN
Nice Nice,Nice Nice,e65f0e9b2d742954de4eaf83bf0d0db2,deepseek|auto|zh-CN
ASMR ASMR 4KIASMR 4KIASMR Sleepin Minutes Sleepin Minutes,ASMR ASMR 4K ASMR 4K ASMR Sleep in Minutes Sleep in Minutes,25fdeaa7ce220eb93e215b05ea862849,deepseek|auto|zh-CN
"DeepSeek DeepSeek 深度求索 深度求索
DeepSeek 开放平台 DeepSeek升放平台
0 PyQt6安装频道问题解决
030干
[ asmr $-哔哩哔哩 bilibili
[AoiHinamori] 【AoiHinamori】
【ASMRノ長時間】 圧倒郎
X X
youtube.com/watch?v=kpGo4glcK4l youtubecomlwatch?v-kpGo4glcK4l
C 众 @
m〉
器 昭
所有书签
Voulube IYouTube TW TW
搜索
0 0
创建
KUIO1.22.17
男の娘が可愛い水色の服で耳かき」
@FreyjaWion 3年前 @FreyjaWion 3年前
匕力 とか
ASMR配信ありがとう
りる-riru
1.6万次观看 1.6万次双看 6夭前
回复 回夏
最新 最新
@にーとく 3年前
旧衣装カワイイヤッタ-!
57.50 57.50
凸 5 C
ASMR
【ASMRノ長時間】 ママみと吐息が
たまらないっ ・君を全芦定で包
@Deadzipper 3年前 @Deadzipper3年前
Deep Sleep Deep Sleep
YUURi Channel YuuRi Channel
Thank you for the ASMR stream, YuuRil Thankyouforthe ASMRstream YuuRil fellasleep halfwaythroughitand woke up fortheendおやすみ
Ear Pick Ear Pick
14万次观看 14万次双看 直播时间: 3年前
Whisper Voice Whisper Voice
翻译成日语
3:17.31 3.17.31
@skysktgx 3年前 @skysktgx3年前
よっわあの
【ASMR神回】 ゾクゾクするの禁
お疾れ様でした!
YuuRi Channel YuuRi Channel
4.6万次观看 46万次双看 直播时间: 5个月前
@maecchi486g @maecchi486g 3年前 3年前
19.15 19.15
ni
2:04:07 2.04.07
10 10 C
[ASMR] 【ASMR】
中途离开
就输了唷0 你忍得住这个吗?
3年前 3年前
KS ドS
YuuRi Channel YuuRi Channel
配信お疾れ様でした
6万次观看 6万次双看 直播时间: &夭前
凸 1 四 1 G
回复 回夏
@Yerow12 3年前 @Yerow123年前
1:12:51 1.12.51
Nice Nice
ASMR ASMR 4KIASMR 4KIASMR Sleepin Minutes Sleepin Minutes","DeepSeek DeepSeek 深度求索 深度求索
DeepSeek 开放平台 DeepSeek开放平台
0 PyQt6安装频道问题解决
030干
[ asmr $-哔哩哔哩 bilibili
[AoiHinamori] 【AoiHinamori】
【ASMR长时间】 压倒郎
X X
youtube.com/watch?v=kpGo4glcK4l youtube.com/watch?v=kpGo4glcK4l
C 众 @
m〉
器 昭
所有书签
YouTube YouTube TW TW
搜索
0 0
创建
KUIO1.22.17
可爱的男孩子穿着可爱的水色衣服掏耳朵
@FreyjaWion 3年前 @FreyjaWion 3年前
力量 之类的
感谢ASMR直播
riru-riru
1.6万次观看 1.6万次观看 6天前
回复 回复
最新 最新
@にーとく 3年前
旧衣服可爱呀-！
57.50 57.50
凸 5 C
ASMR
【ASMR长时间】 妈妈的感觉和呼吸声
让人受不了 ・用全芦定包裹你
@Deadzipper 3年前 @Deadzipper 3年前
Deep Sleep Deep Sleep
YUURi Channel YuuRi Channel
感谢你的ASMR直播，YuuRi！感谢你的ASMR直播，YuuRi！我中途睡着了，醒来时正好结束，晚安
Ear Pick Ear Pick
14万次观看 14万次观看 直播时间: 3年前
Whisper Voice Whisper Voice
翻译成日语
3:17.31 3:17.31
@skysktgx 3年前 @skysktgx 3年前
哟哇啊
【ASMR神回】 让人毛骨悚然的禁
辛苦了！
YuuRi Channel YuuRi Channel
4.6万次观看 4.6万次观看 直播时间: 5个月前
@maecchi486g @maecchi486g 3年前 3年前
19.15 19.15
ni
2:04:07 2:04:07
10 10 C
[ASMR] 【ASMR】
中途离开
就输了哦0 你忍得住这个吗？
3年前 3年前
KS 抖S
YuuRi Channel YuuRi Channel
直播辛苦了
6万次观看 6万次观看 直播时间: &天前
凸 1 四 1 G
回复 回复
@Yerow12 3年前 @Yerow12 3年前
1:12:51 1:12:51
Nice Nice
ASMR ASMR 4K ASMR 4K ASMR Sleep in Minutes Sleep in Minutes",53c0a8dd4416db9fb7e943c5fb0bd3da,deepseek|auto|zh-CN
深度求索 深度求索,深度求索 深度求索,02fb2bfe2017d2b868a207033323b6ef,deepseek|auto|zh-CN
030干,030干,a606faf04112666a8268970498775fff,deepseek|auto|zh-CN
器 昭,器 昭,fcaa9142c90bebdb8be687ac61b87703,deepseek|auto|zh-CN
所有书签,所有书签,873fd3461fe7089f6410a3cf7fae269c,deepseek|auto|zh-CN
搜索,搜索,e5f71fc31e7246dd6ccc5539570471b0,deepseek|auto|zh-CN
0 0,0 0,c686fcb6378af86c90d67e929da5c081,deepseek|auto|zh-CN
创建,创建,d9ac9228e8564657bbe9ca5359f95806,deepseek|auto|zh-CN
【101.22.17,【101.22.17,47743c88c659357be98be845c02b34f9,deepseek|auto|zh-CN
男の娘が可愛い水色の服で耳かき」,「穿可爱水蓝色衣服的男孩子掏耳朵」,7dd959b4a3e759496a38c57269a2d2ab,deepseek|auto|zh-CN
匕力 とか,匕力 之类,213b042a7a5f9177058a14c292b3edf1,deepseek|auto|zh-CN
1.6万次观看 1.6万次双看 6夭前 6天前,1.6万次观看 1.6万次观看 6天前 6天前,1c64ea3198b7d3eba1e859c8ff61a748,deepseek|auto|zh-CN
回复 回夏,回复 回复,4b59475050c0a5d6ebe6b983999594d2,deepseek|auto|zh-CN
最新 最新,最新 最新,bdc38a352abc3dd785dd452776e23122,deepseek|auto|zh-CN
@にーとく 3年前,@にーとく 3年前,52384a07f392739bdb0ec9e2026e751c,deepseek|auto|zh-CN
旧衣装カワイイヤッタ-!,旧衣服可爱呀！,256cfaabca96254deac4b2ececfc450d,deepseek|auto|zh-CN
57.50 57.50,57.50 57.50,12c15eaab1d0609295eafd560c7fbd60,deepseek|auto|zh-CN
凸 5,凸 5,5849f18c468496d6bb9ba33c3d8187be,deepseek|auto|zh-CN
たまらないっ ・君を全芦定で包,受不了了 ・用全芦定包裹你,600c9a18eae84ccf72784b53de4babbf,deepseek|auto|zh-CN
14万次观看 14万次双看 直播时间: 3年前,14万次观看 14万次观看 直播时间: 3年前,d7329f018828da96a43012735d9e3281,deepseek|auto|zh-CN
翻译成日语,翻译成日语,8e238d269ba03da5a25f0dc602edf5e9,deepseek|auto|zh-CN
3:17.31 3.17.31,3:17.31 3.17.31,a5004700a1a78f70b19bed4249fb41c2,deepseek|auto|zh-CN
よっわあの,哟哇那个,56da09ce470be08ba0a64e4981876cd9,deepseek|auto|zh-CN
お疾れ様でした!,辛苦了！,0f824132a55020f5372bde3c5a25f4a1,deepseek|auto|zh-CN
4.6万次观看 46万次双看 直播时间: 5个月前,4.6万次观看 46万次观看 直播时间: 5个月前,7a9bb0e0bbe7408378eb92ee78f5dfc0,deepseek|auto|zh-CN
3年前 3年前,3年前 3年前,94ded20484f4f8816b607cc6eb3dbaaa,deepseek|auto|zh-CN
19.15 19.15,19.15 19.15,0e8fd3bbe24931e999ae1cd7695d251e,deepseek|auto|zh-CN
0 2:04:07 2.04.07,0 2:04:07 2.04.07,07261f272eb9d5cb8ba7a2a7835f1b69,deepseek|auto|zh-CN
10 10,10 10,8d79e9aa0a8e50787e3669b63f619ea5,deepseek|auto|zh-CN
中途离开,中途离开,92e1eaccf2fd12b64c9bb319438837f2,deepseek|auto|zh-CN
就输了唷0 你忍得住这个吗?,就输了哦0 你忍得住这个吗？,773dfbf400f3e866e3a12f0c5606cc52,deepseek|auto|zh-CN
3年前 3年前,3年前 3年前,94ded20484f4f8816b607cc6eb3dbaaa,deepseek|auto|zh-CN
ドら,哆啦,dd6b0ec6da920227fee1403089061e82,deepseek|auto|zh-CN
配信お疾れ様でした,直播辛苦了,4ddd78ec5dbeea26a610f1098755a9f3,deepseek|auto|zh-CN
6万次观看 6万次双看 直播时间: &夭前,6万次观看 6万次观看 直播时间: &天前,36d867bb50131d0e36d567e864f8809f,deepseek|auto|zh-CN
凸 1 四 1,凸 1 四 1,6eaa9b724bcceef70c5a3b93c5845354,deepseek|auto|zh-CN
回复 回夏,回复 回复,4b59475050c0a5d6ebe6b983999594d2,deepseek|auto|zh-CN
1:12:51 1.12.51,1:12:51 1.12.51,1cdd89c294fe2e4640a40bc6b69bbea7,deepseek|auto|zh-CN
"深度求索 深度求索
030干
器 昭
所有书签
搜索
0 0
创建
【101.22.17
男の娘が可愛い水色の服で耳かき」
匕力 とか
1.6万次观看 1.6万次双看 6夭前 6天前
回复 回夏
最新 最新
@にーとく 3年前
旧衣装カワイイヤッタ-!
57.50 57.50
凸 5
たまらないっ ・君を全芦定で包
14万次观看 14万次双看 直播时间: 3年前
翻译成日语
3:17.31 3.17.31
よっわあの
お疾れ様でした!
4.6万次观看 46万次双看 直播时间: 5个月前
3年前 3年前
19.15 19.15
0 2:04:07 2.04.07
10 10
中途离开
就输了唷0 你忍得住这个吗?
3年前 3年前
ドら
配信お疾れ様でした
6万次观看 6万次双看 直播时间: &夭前
凸 1 四 1
回复 回夏
1:12:51 1.12.51","深度求索 深度求索
030干
器 昭
所有书签
搜索
0 0
创建
【101.22.17
「穿可爱水蓝色衣服的男孩子掏耳朵」
匕力 之类
1.6万次观看 1.6万次观看 6天前 6天前
回复 回复
最新 最新
@にーとく 3年前
旧衣服可爱呀！
57.50 57.50
凸 5
受不了了 ・用全芦定包裹你
14万次观看 14万次观看 直播时间: 3年前
翻译成日语
3:17.31 3.17.31
哟哇那个
辛苦了！
4.6万次观看 46万次观看 直播时间: 5个月前
3年前 3年前
19.15 19.15
0 2:04:07 2.04.07
10 10
中途离开
就输了哦0 你忍得住这个吗？
3年前 3年前
哆啦
直播辛苦了
6万次观看 6万次观看 直播时间: &天前
凸 1 四 1
回复 回复
1:12:51 1.12.51",1e69922c63ebf59019c0359db037091e,deepseek|auto|zh-CN
